text,label,predicted_label,predicted_probability,prob_negative,prob_neutral,prob_positive
android marshmallow <number> . <number> . <number> won't let me log on the by existing account just keeps saying setting up bbm please fix,negative,negative,0.8035471439361572,0.80354714,0.17653516,0.019917713
map animation stopped working,negative,negative,0.8698116540908813,0.86981165,0.111678965,0.018509427
"good, but slow workflow.",positive,neutral,0.6648239493370056,0.020801302,0.66482395,0.3143748
nice app to use with friends,neutral,positive,0.8939255475997925,0.010217974,0.0958565,0.89392555
"i love this app, but i wish they had more outfit selections for maternity. other than that it's pretty awesome.",positive,positive,0.9021983742713928,0.012531584,0.08527009,0.9021984
radar in motion won't work.,negative,negative,0.9636862277984619,0.9636862,0.029967919,0.0063458206
only opened <number> st <number> th pages of <url>,negative,negative,0.7578336596488953,0.75783366,0.20575467,0.03641173
when i was being rained on it said no rain in your <url> it is still a good weather app.,neutral,neutral,0.5651748180389404,0.049468294,0.5651748,0.38535696
everthing is tought before its use,neutral,negative,0.5443401336669922,0.54434013,0.39086238,0.06479747
good content. worth downloading,neutral,positive,0.7379314303398132,0.011085234,0.2509833,0.73793143
"it's a great and fun app for emoji use, i like the customization. but there needs to be more clothing and style options. i feel like there needs to be styles with clothing and hair, such as punk, goth, rocker, traditional, futuristic, fairy, and many more. other than wanting more styles to choose from this app is great",positive,positive,0.9111745953559875,0.011631997,0.077193424,0.9111746
"wow, this is a terrible app. no open dialog or page goto. i had expected better from an actual adobe app.",negative,negative,0.965470016002655,0.96547,0.028331583,0.006198316
i m fed of this <url> has posted it add every where,negative,negative,0.6792329549789429,0.67923295,0.261096,0.05967109
it is very usefull browser,positive,positive,0.816800594329834,0.013733871,0.16946556,0.8168006
its a bit slow vs thinking office and also text anti aliasing is bad,neutral,neutral,0.8176440000534058,0.082800746,0.817644,0.09955529
"it was great for me and the owner was very nice to us.,but the price change when i pay from <number> to <number>",neutral,positive,0.5767389535903931,0.051525384,0.3717357,0.57673895
provide some good <url> the only bad thing about this app is lack of good <url> hope you make it <url>,neutral,neutral,0.5466798543930054,0.019118179,0.54667985,0.43420193
problem with saving large photos plz fix ir,neutral,neutral,0.6662148237228394,0.24839416,0.6662148,0.08539098
its a good app but we dont have a night mode option for reading in which the background becomes black and text becomes white in color.,positive,neutral,0.8131341934204102,0.046106413,0.8131342,0.14075938
i hate the new version of bbm,negative,negative,0.9253199100494385,0.9253199,0.06414003,0.010540066
is an interesting app to use.,positive,positive,0.8913037776947021,0.012630175,0.09606604,0.8913038
"used to be great. now lots of issues with network. i keep getting no network errors, as failed to update errors even when signal is great, or i'm connected to my wi-fi at home.",neutral,neutral,0.5033064484596252,0.44178256,0.50330645,0.054910947
it always has me in virginia and i live in florida,neutral,positive,0.6604424118995667,0.083378,0.25617957,0.6604424
it is the very good ape to any one download,positive,positive,0.869701623916626,0.011735771,0.11856263,0.8697016
not up to the mark,neutral,neutral,0.6585237383842468,0.2538135,0.65852374,0.08766274
useless boring it's of no use now days just like mxit,negative,negative,0.9544898867607117,0.9544899,0.038015537,0.0074946494
very easy to use,positive,positive,0.89803147315979,0.01810478,0.083863795,0.8980315
worst upadate this update dont respond whenever i access my download section so hated it.,negative,negative,0.9649131894111633,0.9649132,0.028559886,0.0065269736
i have lots of state that i watch. my home town will not show what it feels like. all the others do. i have tried a few different things and it won't work. don't understand but it is important to me to know how cold it feels out. i can go to hourly and it tells me but should not have to! i'm uninstalling!,neutral,neutral,0.4779164791107178,0.45797843,0.47791648,0.06410515
better and more accurate then most other weather apps.,positive,positive,0.885177731513977,0.013203041,0.101619236,0.88517773
fun!!! just wish i could make one of my bf.,neutral,positive,0.8465525507926941,0.0192813,0.13416615,0.84655255
worthless does not open password protected pdf as stated,negative,negative,0.9269782304763794,0.92697823,0.06388549,0.009136308
shoddy ui and keeps logging me out,negative,negative,0.7515917420387268,0.75159174,0.22905166,0.019356584
"very accurate, which is important! how about a <number> x <number> widget?",positive,positive,0.8302230834960938,0.016434658,0.15334223,0.8302231
i like the set up.,positive,positive,0.8858311176300049,0.0125964675,0.101572454,0.8858311
"looks interesting at initial install, however the advertisement photos and the camera lay out are different to my install on a samsung galaxy note <number> . missing too many features compared to the full pc. version, particularly tagging and indexing. camera is not as good as the original camera being on the dark side. a nice app. however adds not enough to warrant keeping. perhaps in the future updates. most notably is missing the side by side photo comparison which was the main reason for installation.",neutral,neutral,0.7244992852210999,0.029667834,0.7244993,0.24583288
nexus <number> and samsung s <number>,positive,negative,0.46935808658599854,0.4693581,0.40950322,0.121138625
"crashing. app crashes and freezes constantly. on htc one m <number> , and the app is completely broken.",negative,negative,0.9549672603607178,0.95496726,0.03793507,0.0070976545
plz provide watermarking <url>,positive,positive,0.49777960777282715,0.07622862,0.4259918,0.4977796
u can download all movies in any language at movie <url> it okkk,neutral,neutral,0.7882868647575378,0.11021527,0.78828686,0.10149794
pls add more features for android like iphone features,neutral,positive,0.48353248834609985,0.0339621,0.48250544,0.4835325
nice app but when i taking picture with this app i have little problem here the range have limited only <number> - <number> meter even i set focus to infinity still can't get to it. i shoot with pro mode <url> you can fix that it will be <url>,neutral,neutral,0.5000831484794617,0.020518616,0.50008315,0.4793982
it's not a web browser. it's an ad browser,negative,negative,0.6736654043197632,0.6736654,0.29371667,0.032617968
a lot of a bug here,negative,negative,0.5996628999710083,0.5996629,0.3575281,0.04280905
shame forest starts again every day would be nice to build a huge forest like monthly or so,positive,neutral,0.5831193327903748,0.26226842,0.58311933,0.15461223
"this app is so fun! my friends and family love exchanging silly bitmojis in our texts. the only reason why i gave it <number> stars is because i wish there was a way for your to organize the bitmojis, so you can quickly access certain ones instead of having to scroll through them or search. also, the outfits are pretty awful. they need a little more fashion. lol however, the art and creativity in the bitmojis are terrific!",positive,positive,0.6118345856666565,0.03824566,0.34991977,0.6118346
i love it but we need video support!,neutral,positive,0.8057838082313538,0.03017558,0.16404063,0.8057838
the app is is good but,neutral,neutral,0.7302024364471436,0.023381468,0.73020244,0.24641602
it is taking forever to load. never had this issue before. just started a few weeks ago,neutral,neutral,0.49764904379844666,0.45867538,0.49764904,0.04367559
map stopped animating over a week ago on my samsung galaxy s <number> . please fix. used to be the <signature>,negative,negative,0.7186051607131958,0.71860516,0.24653624,0.03485859
"it definitely helps me stay focused and off my phone. the one complaint i have is that when i have my phone on silent/vibrate, when i plant a tree my phone goes into standard/sounds on mode. i don't like that at all, i have it on silent for a reason.",positive,positive,0.8391813635826111,0.013979154,0.14683948,0.83918136
one   for doing this nasty ios port,negative,negative,0.9269213676452637,0.92692137,0.060331296,0.012747374
unmounted my sd card,negative,negative,0.9336342215538025,0.9336342,0.056948412,0.009417361
why can i not delete saved locations? and ive read thtough it many times and dont see anyway at all to delte previously saved locations!!? im going to have to uninstall the app and then reinstall it to reset this location deleting issue u have!?!???,neutral,negative,0.8620172739028931,0.8620173,0.12303445,0.014948232
"lacks capability to browse for local file. no goto page option, <number> page documents impossible to read. no 'bookmark' to save <url> apps avail",negative,negative,0.763371467590332,0.76337147,0.21931101,0.017317507
bbm is easy to use and simple way for chating to my friends and <url> !,neutral,positive,0.8624717593193054,0.013570474,0.12395778,0.86247176
make it better please,positive,neutral,0.5578351020812988,0.021340558,0.5578351,0.42082435
"i liked the game as well as the concept. it would be better if it gave a sort of buzzer when time was up, and if you could add some personalization.",positive,positive,0.880784273147583,0.0145723,0.104643434,0.8807843
"useful app nice app for opening documents, no adverts,easy to use and doesn't need a lot of experience",positive,positive,0.8989545702934265,0.009236533,0.091808945,0.8989546
easy to book and great choice and information.,positive,positive,0.9296780824661255,0.012219379,0.05810255,0.9296781
never trust earth networks again,negative,negative,0.9236698746681213,0.9236699,0.064931974,0.011398139
what happened to the elite version i paid for?,negative,negative,0.9553149342536926,0.95531493,0.036387887,0.008297133
lots of problems with the map,neutral,neutral,0.5417217016220093,0.40960702,0.5417217,0.048671253
simple and easy to use,positive,positive,0.8574606776237488,0.011900767,0.13063855,0.8574607
"enjoyed the app until the <url> then the ticker quit <url> the pop up ads in the ticker are annoying. when you get all that shut off in settings, it works great!",positive,positive,0.6432284116744995,0.026968107,0.3298035,0.6432284
radar does not work. will not stay on my home city.,negative,negative,0.9646720886230469,0.9646721,0.028493205,0.0068346704
it would be nice if it was in different languages.,neutral,neutral,0.5640314817428589,0.018111035,0.5640315,0.41785744
some tools can be available and improved without having to open an account or sign in each time like with drive but in general is pretty useful and have good features also please create the bin icon instead of the <number> dots and once you choose a file you can't delete only if you go back,positive,positive,0.8187512755393982,0.010672522,0.17057623,0.8187513
"i love it! however, i do a lot of work on my phone and so i would like an option to run the app while using my phone, without it killing a tree!",positive,positive,0.8753700256347656,0.017525665,0.107104294,0.87537
good app easy to use. the lens correction function doesn't seem to work though. but maybe i am unaware of how it's supposed to work.,positive,positive,0.7607366442680359,0.010365433,0.22889796,0.76073664
there should be feature by which we can see who saw my message in a group and who doesn't. like we have in what's app,positive,neutral,0.5042369961738586,0.020754173,0.504237,0.47500885
"can we get this to, somehow, plant an actual tree? say, for a certain amount of trees grown succesfully a tree gets planted at some forest in need.",negative,neutral,0.5551701784133911,0.06253183,0.5551702,0.38229805
contains alot of ads,positive,neutral,0.6463805437088013,0.20647445,0.64638054,0.14714499
can't search area,negative,negative,0.8223649859428406,0.822365,0.16390356,0.013731509
good app for team communications,positive,positive,0.8624151945114136,0.011044078,0.12654075,0.8624152
stopped showing up in my status bar,neutral,negative,0.49768245220184326,0.49768245,0.41395408,0.08836343
use it for studying,positive,positive,0.8510509133338928,0.024562774,0.12438626,0.8510509
too much ads i dont want uc news stop showing me ads to download uc news,negative,negative,0.9085403084754944,0.9085403,0.08134295,0.0101167625
installed this app on my zt <number> tablet but wont work annoying!,negative,negative,0.9491114020347595,0.9491114,0.0441911,0.006697508
the tree does not die no matter which app i <url> i have tried every setting possible but it doesnot <url>,negative,negative,0.8454872965812683,0.8454873,0.13321738,0.021295292
i love  this app,positive,negative,0.35065171122550964,0.3506517,0.30694136,0.34240687
need to have female and males,neutral,neutral,0.5724427700042725,0.2918611,0.57244277,0.13569622
add tick tick clock sound in it,positive,positive,0.7051151394844055,0.020603271,0.27428165,0.70511514
the radar won't work with samsung galaxy s <number> . so lame,negative,negative,0.9513336420059204,0.95133364,0.041784175,0.0068822065
great app. and loads pdf docs faster than many other apps,positive,positive,0.8975196480751038,0.018974451,0.08350592,0.89751965
"fun app! wish i could draw some added details, but fun anyway.",positive,positive,0.7941770553588867,0.012920463,0.19290246,0.79417706
pretty cool app to have.,positive,positive,0.610106885433197,0.017905593,0.3719875,0.6101069
"clumsy auto-import, but great overall",positive,positive,0.5070071220397949,0.02646564,0.46652725,0.5070071
useless without raw support,negative,negative,0.9601432085037231,0.9601432,0.03186469,0.007992104
tried to use it for my team at work but they just wanted to use the whatsapp groups they currently do which is basically the same thing.,neutral,neutral,0.5450265407562256,0.30941454,0.54502654,0.14555897
i think this a smart browser but opera mini fast then uc but good effort by devolpers,positive,positive,0.6339195370674133,0.014491886,0.3515886,0.63391954
i am facing problem while using it needed to work on user interface its getting slow and hangs sometimes,neutral,negative,0.5435971021652222,0.5435971,0.4155393,0.040863607
"it's an ok app, compared to whatsapp and line messenger",neutral,neutral,0.6730570197105408,0.016979598,0.673057,0.30996338
"won't open any .pdf files on my tmo vibrant (bionix <number> . <number> ), useless.",negative,negative,0.9648981094360352,0.9648981,0.02806426,0.0070377244
can you fix the quality of display picture,positive,neutral,0.6833009123802185,0.061067652,0.6833009,0.25563142
can't move app to sd card,neutral,negative,0.5471389889717102,0.547139,0.42441306,0.02844797
good app but more facilities we exprcted,neutral,neutral,0.5314821004867554,0.01594136,0.5314821,0.45257658
app works great. consider changing the red triangular notification to a solid red color in the notification bar in android. on my note <number> it appears as transparent in the notification bar at the top.,positive,positive,0.8667461276054382,0.014275318,0.118978605,0.8667461
plz update it it stick in the loading screen forever,negative,negative,0.4766274094581604,0.4766274,0.44898197,0.07439063
i like it but i wish there were more things and i wish we could customize shirts and stuff,positive,positive,0.8576034903526306,0.012833657,0.12956285,0.8576035
my messages aren't going through to anyone. please fix immediately.,neutral,negative,0.5481903553009033,0.54819036,0.40626988,0.045539733
"i love it, but i'll select one to use and then it will show the new one sent, but a short time later, it will show that i resent an old one, not the one i just selected.",neutral,positive,0.7509433627128601,0.020437066,0.2286196,0.75094336
my radar has stopped working! i've never had a problem with it until today please fix!,negative,negative,0.9266292452812195,0.92662925,0.06447177,0.008898954
working properly for awhile and crashes later on,neutral,negative,0.5942786931991577,0.5942787,0.3564542,0.049267054
"a well-crafted, simple app",positive,positive,0.8818016052246094,0.010880709,0.10731768,0.8818016
it was okay at the start and got me focussed but my phone's screen timed out and locked and then my tree withered. please fix this,negative,neutral,0.7821449041366577,0.056351013,0.7821449,0.1615041
it's pretty useful!,positive,positive,0.8049718737602234,0.010204474,0.1848236,0.8049719
why can my friends get the bitmojis with two people but i can't? frustrated.,neutral,neutral,0.6311807036399841,0.29530326,0.6311807,0.07351604
remove obscene quotes and gestures,negative,negative,0.7739027142524719,0.7739027,0.19226527,0.03383203
pretty good. app wish it let you face scan yourself.,positive,positive,0.8078718781471252,0.010336656,0.18179147,0.8078719
very good but crashes often,neutral,positive,0.5763059854507446,0.017941214,0.4057528,0.576306
"lacking lens correction and blur features, otherwise i'd love it. please consider adding these, otherwise i'll have to use photo mate r <number> , cause while it doesn't have blur feature's it has great lens correction features so i can get my chromatic aberration effect : <number>",positive,positive,0.7021418213844299,0.0186064,0.27925172,0.7021418
the animation stopped working please fix!,negative,negative,0.8800251483917236,0.88002515,0.10209283,0.017882008
goood one no one can see images unless u do hd,positive,neutral,0.5006738901138306,0.39951923,0.5006739,0.0998069
the app lags and consume lots of space.,negative,negative,0.5550544857978821,0.5550545,0.40806103,0.03688445
"great app, using for an <url> but, could it be upgraded with the feature 'desktop mode' ?",positive,positive,0.8424229621887207,0.016292008,0.14128502,0.84242296
it was good before,neutral,neutral,0.6857402324676514,0.13785592,0.68574023,0.17640382
i like the old spark better it was more accurate cuz it told you exactly how many miles away the lightning was now you gotta zoom in on the map just to see in a round about ways of where the lightning <url>,neutral,positive,0.6554873585700989,0.033142515,0.31137013,0.65548736
"i really like it, but for a while now it hasn't been making my tree die when i touch my phone. also, after completing a set amount of time there's another number underneath my tree. i can't figure out what this means.",positive,neutral,0.5066583752632141,0.054362386,0.5066584,0.43897924
annoying buttons below the chat text box.,neutral,neutral,0.7344295382499695,0.12131831,0.73442954,0.14425212
i like this app for esuy to watch movie,positive,positive,0.8479820489883423,0.021179736,0.13083826,0.84798205
"aaa please tell me why it doesnt show my cherry blossom <url> i just unlocked it with <number> coins, and i cant find it to grow it. arghh its frustrating.",neutral,negative,0.5001040697097778,0.50010407,0.45365462,0.046241324
needs to save where you last left off thats all it needs <number> stars when it updates,neutral,neutral,0.698330819606781,0.19211087,0.6983308,0.10955834
the app draws the mobile addict in you and plays with his/her psyche.,positive,positive,0.7711781859397888,0.041271187,0.18755066,0.7711782
it is helpful for fast downloading,positive,positive,0.8499676585197449,0.009580821,0.14045157,0.84996766
hard to access emojis/sticker,positive,negative,0.8155099153518677,0.8155099,0.17038803,0.014102113
why this app has become so big? earlier it used to be only <number> mbs now its <number> . please reduce the size. <signature>,neutral,neutral,0.6635240316390991,0.20664729,0.66352403,0.1298287
directions make no sense,negative,negative,0.5869960784912109,0.5869961,0.3702564,0.042747464
great app for photography but,neutral,positive,0.8235015869140625,0.017992133,0.15850627,0.8235016
why can't they fix these issues,neutral,negative,0.608199954032898,0.60819995,0.32341126,0.068388715
not working with whats app,negative,negative,0.9393694996833801,0.9393695,0.053659275,0.0069711446
you have to put the search option in the app,positive,neutral,0.6571118235588074,0.15309948,0.6571118,0.18978874
"its very usefull, also good <url> !!!",positive,positive,0.8860012888908386,0.011131391,0.102867275,0.8860013
"its good. but the problem is whenever i charge my phone, and the forest app has been running, the moment the charging the moment the tree died. and i do not get a single coin. lol is not my fault that the tree died, but what i got-o coins and a dead tree.",neutral,neutral,0.7839829921722412,0.03766827,0.783983,0.17834875
tel me what to do,positive,neutral,0.5979934930801392,0.16172777,0.5979935,0.24027875
some websites say i don't have adobe even though i have this loaded.,neutral,negative,0.49261894822120667,0.49261895,0.42899826,0.078382775
it is easy to find your distination but there is always a less price,neutral,neutral,0.5756918787956238,0.036142476,0.5756919,0.38816562
i havent many friends here,positive,negative,0.5273566842079163,0.5273567,0.40890887,0.06373441
"would like updates on the sun over a <number> hour loop, as well as wind maps, water temps. but one of the <signature>",positive,positive,0.6854380369186401,0.013496112,0.30106583,0.68543804
where are the local adjustments?,positive,neutral,0.6699416041374207,0.06427304,0.6699416,0.2657853
very easy to <url>,neutral,positive,0.8974949717521667,0.020032667,0.08247243,0.897495
easy to use very good deal.,positive,positive,0.9209364056587219,0.010613447,0.068450145,0.9209364
this app doesnt want to sign me up,neutral,negative,0.9654533863067627,0.9654534,0.028637037,0.0059095765
always showing install even it has already installed,positive,neutral,0.6012853384017944,0.18366425,0.60128534,0.21505046
the zooming feature is slow and consequently difficult to use.,neutral,neutral,0.7612093091011047,0.18755819,0.7612093,0.05123251
great tool for on the go!,positive,positive,0.8955041170120239,0.015859239,0.08863667,0.8955041
raw format not supported,neutral,neutral,0.6552380919456482,0.27892885,0.6552381,0.06583307
"it's a cool thing to have, but it won't sync up with the mozilla addon",positive,neutral,0.7778037786483765,0.031058988,0.7778038,0.19113725
great app but keeps crashing,neutral,neutral,0.6453816890716553,0.15589164,0.6453817,0.19872668
"bbm is good ,hate the adverts",positive,neutral,0.6190111637115479,0.26486462,0.61901116,0.11612418
how about a tablet ui?,neutral,neutral,0.6003945469856262,0.098819196,0.60039455,0.30078623
prefer the website more,neutral,neutral,0.6780487895011902,0.09806179,0.6780488,0.22388946
"good design. hope the plant real trees is a true story! also, why the highest ranking people are mostly asian? should expand your customers",positive,positive,0.8380477428436279,0.01118415,0.15076813,0.83804774
"i am not disappointed, but pixlr is still a way better software.",neutral,neutral,0.699288010597229,0.123904616,0.699288,0.17680736
"i love playing with bitmojis. the clothes in the personalization could use some updating, though. very little are things i'd ever actually wear. it would also be nice to add friends directly on the app to interact with their own bitmojis outside of snapchat.",positive,positive,0.9106956720352173,0.011730635,0.077573754,0.9106957
i love it. i just wish i could delete images that i find offensive and would never use.,positive,positive,0.8798973560333252,0.029615466,0.09048713,0.87989736
i think in the new update they let you color customize any hair style and let you put cuts in your eyebrows.,positive,positive,0.8354979157447815,0.018588668,0.14591336,0.8354979
automatically resizes with no way to change!!,negative,negative,0.9542360305786133,0.95423603,0.038079523,0.007684397
don't like the new update,positive,negative,0.5324177145957947,0.5324177,0.42284897,0.044733316
i like my bbm now . <signature>,positive,positive,0.8371531963348389,0.022618445,0.14022833,0.8371532
no more trees since update. just shrubs :'(,positive,neutral,0.5273410677909851,0.3468839,0.52734107,0.12577496
would not updated on my phone and i tried like <number> times,negative,negative,0.7082890272140503,0.708289,0.26160884,0.030102137
"needs more body shapes and sizes, as well as face lines around nose/cheeks",positive,neutral,0.6793340444564819,0.040943637,0.67933404,0.2797223
took away floating head in txt,negative,negative,0.8489047884941101,0.8489048,0.1285023,0.02259288
stopped working on my phone since the last update. will bring rating up when the problem is fixed.,negative,negative,0.8837804198265076,0.8837804,0.10412714,0.01209245
works well. most of my pdf files require me to enter a username and password. this app will not allow me to. any chance of adding that?,neutral,neutral,0.5418593883514404,0.017112972,0.5418594,0.44102758
"it's <url> ,add select area <url> mean make selection by <url>",neutral,positive,0.500254213809967,0.031539038,0.46820676,0.5002542
app doesn't always work. temp won't show in n status bar. doesn't keep track of moving locations,neutral,negative,0.9051219820976257,0.905122,0.086876534,0.008001437
i hate this update,negative,negative,0.9492528438568115,0.94925284,0.04356243,0.0071847793
new updates are beyond worse,negative,negative,0.5564276576042175,0.55642766,0.3691669,0.074405365
where is wbug elite i paid for???,negative,negative,0.9413016438484192,0.94130164,0.04904092,0.009657362
make the time lapse between editing each feature shorter,positive,neutral,0.8113446235656738,0.0805637,0.8113446,0.10809161
add one more feature,positive,positive,0.654354453086853,0.021481527,0.32416397,0.65435445
the app was useful but avg virus scanner said it contains malware so i'm uninstalling to be safe,negative,neutral,0.7262797951698303,0.18032804,0.7262798,0.093392156
i couldn't open it.,negative,negative,0.9482951760292053,0.9482952,0.044095173,0.007609639
i think that uc is very nice,neutral,positive,0.7989251613616943,0.015507905,0.18556693,0.79892516
mis the original bbm,negative,negative,0.5156063437461853,0.51560634,0.401415,0.08297869
new ui tanks usability,negative,positive,0.6107756495475769,0.03636496,0.3528594,0.61077565
this app is so good,positive,positive,0.6801266074180603,0.027041353,0.2928321,0.6801266
doesn't work on my htc droid eris!! can't open pdf attached emails. uninstalling!!,negative,negative,0.9625043869018555,0.9625044,0.030820878,0.006674748
it's very good app for android mobile s,positive,positive,0.8893307447433472,0.01237053,0.09829875,0.88933074
temp is all wrong,neutral,negative,0.8710400462150574,0.87104005,0.11146811,0.017491803
id's easy to use and very helpful,positive,positive,0.9024437665939331,0.009597952,0.087958366,0.90244377
"it seems everytime we're about to get severe weather, the app stops working. radar doesn't work, storm tracking doesn't <url> most critical time for something to work is during or before a storm, such as we're supposed to get today. this app works great on bright, sunny <url> 't depend on it if a storm is brewing though. it will quit working on you.",neutral,neutral,0.704010546207428,0.21291557,0.70401055,0.08307395
i guess its just the world i live in???,negative,neutral,0.4702226221561432,0.07562412,0.47022262,0.45415324
just an idea. when editing/creating my bitmoji i think it'd be neat to have the option to mix and match parts of different outfits together or even change colours of parts.,positive,positive,0.696140468120575,0.017767891,0.28609166,0.69614047
app is good. no weather forecast is <url> very vague predictions.,positive,neutral,0.7866495251655579,0.042157654,0.7866495,0.17119281
cannot attach pictures to reviews,neutral,neutral,0.6514825224876404,0.28374377,0.6514825,0.06477372
great weather app! easy to use and quick to load. only wish it was easy to find a forecast video on it.,positive,positive,0.9134016633033752,0.011784664,0.07481369,0.91340166
issue on local wifi,neutral,neutral,0.6398520469665527,0.22723629,0.63985205,0.1329117
i dont like this app,negative,negative,0.9236910343170166,0.92369103,0.06784663,0.00846236
on the right track,positive,neutral,0.5231502652168274,0.072590314,0.52315027,0.40425935
best app for browsing,positive,positive,0.8972012996673584,0.013181996,0.089616634,0.8972013
needs a dark mode for the notification bar. hate the bright white glaring at me.,positive,neutral,0.534460186958313,0.41679502,0.5344602,0.04874478
"good app, but it doesn't support gif in android",positive,neutral,0.8324172496795654,0.07253722,0.83241725,0.09504556
<salutation> i tried to sign in and i gave my email and password and from u a email also came but what next to <url> tried to click check again and continue but nothing happened,positive,negative,0.9114309549331665,0.91143095,0.077400304,0.011168767
been using for several months now as a communication tool for various members of a nonprofit organization. it's only downfall that i can see are the occasional missed update alert and that there is no notification badge on the icon.,positive,positive,0.5730042457580566,0.049638923,0.37735686,0.57300425
works for what i need,positive,positive,0.8245946764945984,0.0189186,0.15648681,0.8245947
it's saying it's not up to date so i can't view my file. -htc evo,neutral,neutral,0.7519104480743408,0.15449768,0.75191045,0.0935918
when you know how to use it it's pretty fun and useful same with adobe photoshop touch i have a ton of fun with that but you just have to know how to use it or it will not be fun that's why people are reading it for star i read it <number> stars i love it but only because i know how to use it,positive,positive,0.7986071109771729,0.014405647,0.18698728,0.7986071
best app ever ( my opinion),negative,positive,0.8565826416015625,0.019128596,0.124288745,0.85658264
doesn't tie your account to gmail - so every new phone (or reflash) you have to retype <url>,negative,negative,0.7818177938461304,0.7818178,0.19826455,0.019917624
great application for team collaboration,positive,positive,0.9179959893226624,0.01650129,0.06550273,0.917996
"crash easily,make my phone <url> its a great <url> u!",positive,positive,0.521411120891571,0.07326228,0.40532663,0.5214111
the menu bar above keyboard is annoying,positive,neutral,0.667639970779419,0.14868374,0.66764,0.18367626
it's an essential tool.,positive,positive,0.9148924946784973,0.0126848575,0.0724227,0.9148925
this bbm doesnt work properly with the samsung notebook <number> . it is always showing limited bbm access. pls fix this,neutral,negative,0.8111595511436462,0.81115955,0.17313853,0.015702019
"unless i open the app, i get no notifications even when my name is mentioned",negative,negative,0.7669201493263245,0.76692015,0.20874327,0.02433649
it's good app but need more apps related chat process,positive,positive,0.5269001126289368,0.014306207,0.4587937,0.5269001
"doesn't open all pdfs. i do a lot of work dealing with architectural plans. this does not render all of the pdfs (some open fine, others open blank).",negative,negative,0.6088852882385254,0.6088853,0.3597962,0.031318508
quick way to book a motel when you need too,neutral,positive,0.6084349751472473,0.022233086,0.36933196,0.608435
can get out of the app by home button and use your <url> timer runs in the <url>,neutral,neutral,0.7307469248771667,0.17673488,0.7307469,0.09251812
"honestly a joke compared to the desktop version of lightroom. i have one of the most powerful phones in existence and this app can't even scroll without lagging. i reinstalled today, <number> months later to find not only has nothing changed but my trial has expired and i now need to pay to use a laggy gimped version of software i already own.",negative,neutral,0.5324363112449646,0.37106282,0.5324363,0.09650085
better for <url> !!!! you will try <url> !!!!,neutral,neutral,0.45698830485343933,0.42491704,0.4569883,0.118094616
backup feature was awesome,positive,neutral,0.4683029055595398,0.14053588,0.4683029,0.39116126
amazing to use this one like superb,positive,positive,0.9112643003463745,0.013434271,0.075301416,0.9112643
i can't post on any website.,neutral,negative,0.8230665922164917,0.8230666,0.16136235,0.015571138
want some other features,neutral,neutral,0.6678640246391296,0.02658218,0.667864,0.30555373
this app is not user friendly,neutral,negative,0.7672217488288879,0.76722175,0.21448751,0.018290728
force closes <number> / <number> !,negative,negative,0.9381173849105835,0.9381174,0.050387383,0.011495205
what a waste of this apps effort the image meta data are always show false info when export image to gallery,negative,negative,0.9515434503555298,0.95154345,0.04168224,0.006774336
it's a nic app n helpful <url>,positive,positive,0.7759317755699158,0.015920995,0.20814717,0.7759318
how to change time ??,neutral,neutral,0.534386932849884,0.24420267,0.53438693,0.22141038
it's ok but this new version is not so impressive,neutral,neutral,0.7587460875511169,0.024845239,0.7587461,0.2164087
this is a good movie downloader,positive,positive,0.7809994220733643,0.0147133125,0.20428726,0.7809994
want my old avatar can't find it,negative,negative,0.7944031953811646,0.7944032,0.1823092,0.02328761
best of pdf file app,positive,positive,0.8812656998634338,0.016472189,0.102262124,0.8812657
i would have gave <number> stars if y'all had more cute outfits for the girls to wear that is seasonal appropriate,positive,positive,0.6234032511711121,0.03470093,0.34189576,0.62340325
was ok but i can easily use other apps when i press home,negative,neutral,0.7637075185775757,0.06820418,0.7637075,0.16808821
"useless. can't log in using the app at all. deleted and reinstalled several times, still no luck.",negative,negative,0.963350772857666,0.9633508,0.028504448,0.008144866
"easy to use, but if i plant a tree to grow and then leave the app it doesn't die. don't know if that's a bug in the app, but knowibg it won't die once i exit the app gives me no reason to stay focused",positive,neutral,0.6788933277130127,0.23057975,0.6788933,0.090526946
cuts down on paper usage.,positive,negative,0.5192384123802185,0.5192384,0.4310649,0.049696703
<salutation> then dropped it. and now the radar animation doesn't work.,negative,negative,0.9632202386856079,0.96322024,0.029832207,0.00694763
"good idea, but too slow on android. much better on desktop.",negative,neutral,0.6543451547622681,0.0485641,0.65434515,0.29709074
"like everything about it, except that the radar animation is a little clunky.",positive,neutral,0.6604665517807007,0.03260663,0.66046655,0.30692685
it's the king when it comes on downloading from internet i really appreciate it,positive,positive,0.7758387923240662,0.041801915,0.18235928,0.7758388
"i'm using uc browser from many years and its was amazing but from the last update i got, it get <url> everytime i open new site, it shows an error everytime. please fix this.",neutral,neutral,0.48078805208206177,0.4627348,0.48078805,0.056477103
cant install this app on my s <number> . error cant install in default location,negative,negative,0.959449827671051,0.9594498,0.03486028,0.005689976
needs to include precipitation estimates,neutral,neutral,0.7335692644119263,0.05198021,0.73356926,0.21445051
new version is a step back,negative,neutral,0.46707940101623535,0.20157011,0.4670794,0.33135045
great but watch little bug,neutral,positive,0.8274568915367126,0.01775955,0.1547836,0.8274569
i love this app.,positive,positive,0.5614894032478333,0.19629651,0.24221407,0.5614894
"love the idea, and as long as i didn't touch my phone notifications and such didn't ruin my progress. however if i try to exit out of the app (to use whitelisted apps like my calculator) then it 'killed' my trees.",neutral,positive,0.7380295991897583,0.032173987,0.22979645,0.7380296
"my mom found this before i did! i'm <number> and even i like it. lol great for all ages. you can make it look just like you to every detail, many clothes and accessory choices, and when you want to send a text to somebody they basically have everything you might want to say to somebody in a text or to reply back to somebody in a text message. plus cute little emojis of yourself doing things.",positive,positive,0.9075487852096558,0.013621245,0.07882996,0.9075488
ads ads ads everywhere,neutral,negative,0.9403824210166931,0.9403824,0.05185448,0.0077631287
has gotten a bit better since last review. i really like the lightning strike display. helps me with my lightning photos,neutral,positive,0.9003904461860657,0.013386011,0.08622353,0.90039045
i really enjoy it,positive,positive,0.7920450568199158,0.035951186,0.17200376,0.79204506
i rely on accurate radar as i work outside everyday on a golf course. the daily and the hourly forecast constantly contradict each other though now and it's hard to figure out what the actual weather will be so i can only really rely on radar.,positive,neutral,0.5215362906455994,0.06270684,0.5215363,0.41575688
"i enjoyed it, but the app deleted all of my purchases, such as trees and sounds",neutral,neutral,0.575327455997467,0.07005674,0.57532746,0.35461578
so far it's good,positive,positive,0.5519120693206787,0.0138524445,0.43423548,0.55191207
would like some custom messages when trees are planted,positive,positive,0.5601145625114441,0.019588625,0.42029682,0.56011456
used to be good,negative,negative,0.7930616736412048,0.7930617,0.18165211,0.02528618
make category select bradcast message!,neutral,neutral,0.5565021634101868,0.072376385,0.55650216,0.37112147
causes allot of problems will change dates etc when making a booking. prob better off staying with web page.,negative,neutral,0.5273367166519165,0.42538658,0.5273367,0.047276754
reflow feature quirky. can't somehow help feeling suspicious it is bugridden inside.,negative,neutral,0.7871497273445129,0.08223108,0.7871497,0.13061921
i don't <url> i can't understand this appp,neutral,negative,0.8907799124717712,0.8907799,0.097442254,0.011777833
crashes on galaxy s,negative,negative,0.8372730612754822,0.83727306,0.14549048,0.01723644
force closes all the time. from a company with a good to great rep. i had expected better,negative,positive,0.40029364824295044,0.2174202,0.3822862,0.40029365
great <url> ruined with ads,neutral,negative,0.9492979645729065,0.94929796,0.040984977,0.00971699
worst experience at hotel,negative,negative,0.9619967937469482,0.9619968,0.031160178,0.006843044
heating and battery problem,neutral,negative,0.47819000482559204,0.47819,0.47056332,0.05124662
fed up with advertisements. oh my gosh. cannot tolerate this application anymore,negative,negative,0.950839638710022,0.95083964,0.04260198,0.006558325
this is the fastest app searching mode,positive,positive,0.8104241490364075,0.018447282,0.17112854,0.81042415
"nice app for managing ongoing projects, teams, groups.",positive,positive,0.9282103180885315,0.010524602,0.06126511,0.9282103
is not allways up to date with current weather.,positive,neutral,0.7838589549064636,0.1140909,0.78385895,0.10205018
realy superrrr <url> saver app,positive,neutral,0.6506444811820984,0.13475838,0.6506445,0.21459717
<number> day trial? and then creative cloud?,negative,negative,0.8416664004325867,0.8416664,0.1287915,0.029542072
the print button keeps shutting itself down,positive,neutral,0.49850893020629883,0.44313055,0.49850893,0.058360536
average performance in download,neutral,neutral,0.7546396851539612,0.16800721,0.7546397,0.07735303
animation on radar stopped,negative,negative,0.9267596006393433,0.9267596,0.0628895,0.01035093
"so far so good. surfing is made enjoyably interesting, thumb ups.",positive,positive,0.9129579067230225,0.011167487,0.07587463,0.9129579
bbm sucks on my galaxy s <number> mini .,negative,negative,0.9527658820152283,0.9527659,0.040078316,0.0071558123
what did i download?,negative,negative,0.8955596685409546,0.89555967,0.09243387,0.012006412
my favourite editing apl,positive,positive,0.8889416456222534,0.021064084,0.08999431,0.88894165
so easy to use and appropriate advice,positive,positive,0.9169671535491943,0.012815713,0.070217185,0.91696715
doesn't work properly.,negative,negative,0.9280350208282471,0.928035,0.06279937,0.00916565
"generally good, sometimes price filter doesn't work well.",positive,positive,0.6486160159111023,0.012619898,0.3387641,0.648616
love this app pretty accurate,positive,positive,0.8965630531311035,0.015219392,0.08821759,0.89656305
as much as <number> degrees off!,negative,neutral,0.6063998937606812,0.17412011,0.6063999,0.21947993
used to be good,negative,negative,0.7930616736412048,0.7930617,0.18165213,0.02528618
"this app helps me be productive, but since the update, i can't plant the trees i had previously bought.",positive,neutral,0.5918419361114502,0.03248601,0.59184194,0.37567207
dell streak:force close sometimes. blank pages sometimes. need bookmark feature and ability to continue from last read page.,neutral,neutral,0.7137021422386169,0.23056926,0.71370214,0.055728596
"if your in a hurry, i'd recomed calling, it takes a wile to fill out the information.",neutral,neutral,0.6669657230377197,0.088678695,0.6669657,0.24435554
good but not good as web version,positive,neutral,0.8305808901786804,0.04683477,0.8305809,0.12258425
problems working over wi-fi,negative,negative,0.628948986530304,0.628949,0.3424631,0.02858796
it's ads all the way,negative,neutral,0.5300724506378174,0.36418134,0.53007245,0.10574622
no password support <url>,negative,negative,0.878910481929779,0.8789105,0.10894111,0.012148516
"good, but not perfect",neutral,neutral,0.8000707030296326,0.04158445,0.8000707,0.15834485
i wish it would work offline,positive,neutral,0.5944816470146179,0.024110835,0.59448165,0.3814075
cloud based apps do not work for me. with pathetic network services in our region it becomes frustrating to use. pity. will have to uninstall,negative,negative,0.9473017454147339,0.94730175,0.046162684,0.006535515
"so disappointed with this app! why would you delete an entire account without any warnings? see i'm not mad that you deleted my account because i had iran's ip address, i'm mad because you didn't even bothered to give me a chance to take back up of my files! do you understand how unprofessional this is? so disappointed!",negative,negative,0.9411256909370422,0.9411257,0.051951844,0.0069225337
this app is good,positive,positive,0.6640936136245728,0.017515242,0.31839117,0.6640936
"slow, laggy performance. thinkfree office opens my pdfs and allows smooth transitions and zooming.",negative,negative,0.6005441546440125,0.60054415,0.37583014,0.023625718
since the update the radar doesn't work <url>,negative,negative,0.9464345574378967,0.94643456,0.046243794,0.007321679
"like the app, but could you please remove the external storage permission when i want to take a picture? i don't like granting apps dangerous permissions and i know you don't need it if you use the file provider api. <signature>",negative,neutral,0.7410083413124084,0.11308748,0.74100834,0.1459042
there is no print option i can find.,neutral,neutral,0.7239705920219421,0.20787482,0.7239706,0.068154655
<url> the picture size on bbm group is too small sometime not clear. also incoming bbm call is not detected or not showed in galaxy gear s <number>,positive,neutral,0.7143138647079468,0.1649482,0.71431386,0.12073784
got stuck on trying to confirm my booking and i lost the accommodation. after that force crash. uninstall. htc desire,negative,negative,0.9596328139305115,0.9596328,0.0336577,0.0067095333
please fix the radar,negative,negative,0.6259533166885376,0.6259533,0.30993825,0.06410846
"good adjustment, bad storage",neutral,neutral,0.831645131111145,0.09741407,0.83164513,0.07094082
coming from adobe this is absolute garbage. fails to open pdf files. it was only <number> kb. garbage.,negative,negative,0.9638769030570984,0.9638769,0.029648952,0.0064742556
after i updated the new bbm version always getting <url> sometime the messages pending without ceklis my friend send in the morning but the messages coming after <number> or <number> hour <url> i saw on the messages the time when he send me a messages and this made my planning <url> should i didn't upgraded <url>,negative,neutral,0.6045709252357483,0.27057934,0.6045709,0.12484974
new update ruined the app,negative,negative,0.9615594148635864,0.9615594,0.031377245,0.0070633558
a widget would be nice,positive,neutral,0.6590483784675598,0.029938878,0.6590484,0.31101277
there are ads now?,neutral,negative,0.5767510533332825,0.57675105,0.36394012,0.059308857
difficult when on vacation,positive,neutral,0.762609601020813,0.11032247,0.7626096,0.12706795
notifications are bonkers. (will give <number> once fixed),negative,neutral,0.6313880681991577,0.2673014,0.63138807,0.10131047
can't add new locations,neutral,neutral,0.745467483997345,0.114524774,0.7454675,0.14000775
nice tool for inter-team communication,positive,positive,0.9197795987129211,0.0107025765,0.0695178,0.9197796
it's download video very fast and all other thing,positive,positive,0.8577982187271118,0.016476374,0.12572534,0.8577982
"veru useful app only when used with its <number> rd-party integrations, yet flock is much better alternative for having more free features.",positive,neutral,0.5733987092971802,0.065097064,0.5733987,0.3615042
doesn't <url> i'll go on other apps and the tree still <url> little i inventive to actually stay off the phone,negative,negative,0.6373985409736633,0.63739854,0.33095586,0.031645562
"when ever i update app,it won't work and i lost my all data many times",negative,negative,0.9553013443946838,0.95530134,0.038253818,0.006444804
doesn't work much! where's the <number> version???,negative,negative,0.929915189743042,0.9299152,0.06262601,0.0074587865
nice app fast downloading,positive,positive,0.8865582346916199,0.009902332,0.10353945,0.88655823
"the app is great, it's fun and helpful, tho when you click the home button, it doesn't die. you could fix that",positive,positive,0.8447975516319275,0.012943824,0.14225861,0.84479755
"easy to use, always <url> when you book thrue them, they will charge you too much.",neutral,positive,0.8447813391685486,0.01791883,0.13729984,0.84478134
there is no jump to page option so you have to flip through every single page! its a big waste of time.,negative,negative,0.9563466310501099,0.95634663,0.03765072,0.006002623
great and easy to use,positive,positive,0.9103955030441284,0.018679611,0.070924886,0.9103955
"cloud subscription, no <signature>",negative,negative,0.9248002767562866,0.9248003,0.06526331,0.009936505
great app to focus!,positive,positive,0.8907454013824463,0.02472823,0.08452635,0.8907454
pay when you arrive. err no,neutral,negative,0.8187207579612732,0.81872076,0.15556975,0.025709469
great apps for great team,positive,positive,0.9169965982437134,0.016627569,0.06637585,0.9169966
i like the appl because it connect me to a lot of people in my office,positive,positive,0.8922328948974609,0.012873081,0.09489397,0.8922329
can't open my bbm after updated,negative,negative,0.9188908934593201,0.9188909,0.071209095,0.009900054
cannot use for flash <url>,neutral,negative,0.6522544622421265,0.65225446,0.3177897,0.029955778
won't work with my text messages and have to start a new conversation to use it in messenger,neutral,negative,0.9403699636459351,0.94036996,0.052823827,0.00680615
it crashes every time,positive,negative,0.9251000285148621,0.9251,0.065156855,0.009743126
great app for group family communication across multiple types of devices and countries,positive,positive,0.9180564880371094,0.016828017,0.065115504,0.9180565
it was great radar sucks now,negative,negative,0.9557005167007446,0.9557005,0.03712594,0.0071734884
missing a tablet version,neutral,neutral,0.6740444302558899,0.17595275,0.67404443,0.1500028
the browser is used very fast connecting browser,positive,positive,0.7743433117866516,0.027245713,0.19841102,0.7743433
i want a etc wallet that's all i want to invest <url>,negative,neutral,0.44025295972824097,0.14040701,0.44025296,0.41934004
not so much but good,positive,neutral,0.7670016288757324,0.038730092,0.7670016,0.19426823
well the app is kinda <url>,positive,positive,0.5773974657058716,0.025679657,0.39692292,0.57739747
the program is very slow and can be unresponsive. there is no bookmake setting. pages take a very long time to load even when zooming in and out.,negative,neutral,0.6464370489120483,0.3196257,0.64643705,0.03393725
totally invasive and inappropriate for development. it kept people talking for every detail for hours. kill innovation and efficiency. cannot replace skype so another chat cheater. a waist of time in communication. one good point if you can make your competitors to use it. they will collapse.,negative,negative,0.9545902609825134,0.95459026,0.03860735,0.0068023857
i love it. but i think it would be better to add angle correction as well is needed sometimes and i don't like having to use other apps to do this.,neutral,positive,0.7834683060646057,0.016880056,0.19965157,0.7834683
the emoticon not <url> :'(,neutral,neutral,0.6165052652359009,0.20075193,0.61650527,0.1827428
good app. had full version but they took it away. would like it back. radar not working. layers are not working. must be a weather bug.,neutral,neutral,0.726507306098938,0.21259704,0.7265073,0.060895666
can't import my booking? what's the point of getting this app? anyone?,negative,negative,0.9388784170150757,0.9388784,0.05355308,0.007568521
"the app sometimes gets stuck on a certain temperature and you have to actually click on the app to get the correct temperature to pop up, but at least with this app i can actually get the <number> -day and hourly forecast pages to load which is something i can't get with accuweather. so i guess what i'm saying is it's probably the <signature>",positive,neutral,0.6766873002052307,0.061195154,0.6766873,0.2621175
"great, but occasionally crashes",positive,positive,0.6375958323478699,0.037976634,0.32442752,0.63759583
"crap, takes ages to loads and lags on all docs, standard pdf viewer much better",negative,negative,0.9558391571044922,0.95583916,0.037423607,0.0067371815
it stops working frequently,neutral,negative,0.6425802707672119,0.6425803,0.31854823,0.03887142
like it more than most weather apps i've tried. would recommend!,positive,positive,0.8722717761993408,0.010161286,0.11756695,0.8722718
stupid trees. too much green. too cute. memory hog. deleted it.,negative,negative,0.9575802683830261,0.95758027,0.035611484,0.006808287
plz add readout loud feature in application,positive,positive,0.48801109194755554,0.05158587,0.46040305,0.4880111
"give error, stuck onopening",negative,negative,0.8835137486457825,0.88351375,0.10291112,0.013575061
the radar map only shows past not current,neutral,negative,0.7828213572502136,0.78282136,0.19013335,0.027045356
"the worst, the most bugged app that i've ever seen in my life! always crashing for no reason!",negative,negative,0.9631574153900146,0.9631574,0.029866155,0.0069764396
this does not work with my phone i exited the app for ages and my tree still grew.,negative,negative,0.9603886604309082,0.96038866,0.033247534,0.0063637774
the application is too slow. sometimes it just wont select the options.,neutral,neutral,0.8272696733474731,0.08817626,0.8272697,0.08455413
useless doesn't open email attachments on lg optimus,negative,negative,0.9592866897583008,0.9592867,0.034031697,0.0066815987
its a very good app,positive,positive,0.8533183932304382,0.010364843,0.13631673,0.8533184
good up to date service,neutral,positive,0.645941972732544,0.013702329,0.34035575,0.645942
luv it but u should allow us <number> make more than one character then i'll give u <number>  's,neutral,neutral,0.6547678112983704,0.0318535,0.6547678,0.31337866
"app does what it has to do, but would it be possible to implement a harder way to cancel the growth of your tree? now it takes about <number> seconds. you could make another cancel button which you have to press for <number> minute without releasing it to unlock your phone. gives you time to think if you really need to unlock it. <signature>",neutral,neutral,0.7842409014701843,0.0807085,0.7842409,0.13505052
need full raw hdr for lg v <number> !!!,neutral,neutral,0.7648544907569885,0.10841226,0.7648545,0.12673321
it wont even let me log in!!!,negative,negative,0.9661850333213806,0.96618503,0.026193101,0.0076218573
wouldn't search any locations.,negative,negative,0.9343288540840149,0.93432885,0.05868329,0.0069879456
new version is not intuitive.,negative,neutral,0.5790181159973145,0.30773926,0.5790181,0.113242604
image previews don't work,positive,negative,0.8621711730957031,0.8621712,0.12608346,0.011745312
"its great, just too many ads",positive,positive,0.8591782450675964,0.025196204,0.115625605,0.85917825
radar has stopped working,negative,negative,0.9451614022254944,0.9451614,0.04625183,0.008586784
has been treating me well for years,positive,positive,0.8433202505111694,0.02737877,0.129301,0.84332025
animated radar not working,negative,negative,0.9335720539093018,0.93357205,0.05748016,0.008947781
problems with internet connection s <number> edge,neutral,neutral,0.48139941692352295,0.47283274,0.48139942,0.0457679
"another login and account needed, mediocre editing",negative,negative,0.7003637552261353,0.70036376,0.27336594,0.026270341
i need a tab for news language i don't want it to be default for the place i live in my native language may be different. please look into it,positive,neutral,0.6926935911178589,0.077717364,0.6926936,0.22958903
"idea is nice, <url>",neutral,neutral,0.5294610857963562,0.028475603,0.5294611,0.44206327
useless and hang in itself,negative,negative,0.959164023399353,0.959164,0.030744411,0.010091565
lagging on nvidia shield tablet,neutral,neutral,0.6592692136764526,0.2582072,0.6592692,0.08252366
less taps &gt; more taps is not always true! this update clutters up the mobile app and looks horrible! bring back the drop down menu.,positive,negative,0.9447698593139648,0.94476986,0.047877755,0.007352456
great mobile app for a great platform,positive,positive,0.8767105937004089,0.02501872,0.098270655,0.8767106
easiest way to keep all my accommodation details with me when i travel.,positive,positive,0.8710806965827942,0.010970821,0.117948525,0.8710807
"there is no way to search or jump to the pages i want. so, in a <number> page document, i have to page down until i get to where i want. very poor!",neutral,negative,0.9628809094429016,0.9628809,0.030271718,0.0068473713
crashes on z <number> compact,neutral,negative,0.6133170127868652,0.613317,0.3501746,0.036508374
"can't delete any of the pdf files! someone ,help mytouch <number> g",neutral,neutral,0.63350909948349,0.16522181,0.6335091,0.20126906
somethings wrong with this app,positive,negative,0.729181170463562,0.7291812,0.24988447,0.020934343
well organized app. offers better deals than the hotel itself.,positive,positive,0.9119405150413513,0.010927642,0.07713184,0.9119405
faster than other app,positive,positive,0.5366684794425964,0.036751404,0.42658013,0.5366685
"decent, but needs ability to define custom notification sound. the built-in ones are too quiet and the 'device default' is too general.",positive,neutral,0.6882826685905457,0.021375349,0.68828267,0.29034197
"if you have difficulties staying focussed, then this is definitely the app for you. as trivial as it sounds, there's a real sense of satisfaction in seeing your forest grow the more time you log. the only thing i would say which could be added is social email support or facebook integration, which i believe is already a feature on the ios version. some of my friends are using it too, and seeing their forests grow (perhaps even on some kind of map next to mine?) would add an element of healthy competition!",positive,positive,0.8055282235145569,0.017452965,0.17701879,0.8055282
would be better with out ads,positive,neutral,0.5824406743049622,0.04010318,0.5824407,0.37745616
<number> star 'coz why we have to request hd quality picture first? oh <url> nobody need bad quality picture. washing <url> another chat app more better !!,neutral,neutral,0.5788308382034302,0.26067138,0.57883084,0.16049777
"my screen goes off, but when i unlock my phone, my tree dies. makes the app pointless as it forces me to keep the screen on which is distracting. great concept though.",neutral,neutral,0.5616108775138855,0.38049307,0.5616109,0.057896003
it will be better if the apps allow users to listen music while studying or doing their things,positive,positive,0.5639894008636475,0.018106118,0.41790447,0.5639894
the app is free on android but why can't i use my new unlocked tree?!,negative,neutral,0.6428947448730469,0.25120723,0.64289474,0.10589805
"not ideal, but better than a few other ""freeware"" options there with lots of adds or crappy ui.",positive,neutral,0.8283287882804871,0.08075299,0.8283288,0.09091815
add break or pause option plz,positive,neutral,0.5449776649475098,0.032438766,0.54497766,0.42258358
good effort <url> try to send correct notification of the news or story.,positive,positive,0.7348259091377258,0.012938554,0.25223556,0.7348259
doesn't work keeps saying bad internet connection but all other apps work.,negative,negative,0.6794077157974243,0.6794077,0.29895264,0.021639578
did not install this app. all i did was update my phone and it was there and i can delete it! very annoying!!!,negative,negative,0.9133520722389221,0.9133521,0.077343665,0.009304261
last updates causing problems.,neutral,negative,0.6171078085899353,0.6171078,0.34972492,0.033167325
"stupid app many many ads ,don't download this app",negative,negative,0.9645473957061768,0.9645474,0.02921519,0.0062373397
too much buz for nothing so special.,negative,neutral,0.5093134045600891,0.14872172,0.5093134,0.34196487
simple but effective app to end smartphone addiction,positive,positive,0.7452408671379089,0.013265458,0.24149363,0.74524087
technology at its <signature>,positive,positive,0.7636082172393799,0.038217977,0.19817385,0.7636082
"editing is all about precision, of which this isn't good at. trying to crop is like throwing stones at a picture frame on a wall and hoping it sticks. when you get it you accidently press another button and all the work is <url> still needs some refining",neutral,neutral,0.5951631665229797,0.036012147,0.59516317,0.36882466
used to love <url>,neutral,negative,0.8618457317352295,0.86184573,0.12086944,0.017284924
bbm is really gud,positive,neutral,0.5332051515579224,0.14441083,0.53320515,0.32238406
still a good app,neutral,positive,0.5711308717727661,0.019958545,0.4089106,0.5711309
"looks nice but the live radar always zooms in to close, i like to see the entire area around my location.",positive,positive,0.8205448985099792,0.010738272,0.1687168,0.8205449
creeping permissions. no <signature>,negative,negative,0.8701258301734924,0.87012583,0.111797966,0.018076178
don't expect to be productive on the tube,negative,neutral,0.6437920331954956,0.29573393,0.64379203,0.060474075
huge apo. does not have move to sd card. standard reader v. good. uninstalling.,negative,negative,0.9196893572807312,0.91968936,0.07103703,0.009273662
too many push and price not clear,neutral,negative,0.5997850298881531,0.59978503,0.3564989,0.04371609
great app but updated the app but the bug is still there where the animation plays without accessing the app so you have to tap screen to gain access to home screen. that bug has been there forever please fix!,neutral,neutral,0.5884099006652832,0.08593124,0.5884099,0.32565886
like it but need better notification settings,positive,positive,0.5319036841392517,0.01576861,0.45232773,0.5319037
being a motorcycling enthusiast i like to know where the rain is and what direction it's heading.,positive,positive,0.8745648264884949,0.018617705,0.106817506,0.8745648
radar no longer works,negative,negative,0.9598225355148315,0.95982254,0.031587213,0.008590253
why i cannot play my download video?,neutral,negative,0.6478135585784912,0.64781356,0.30666128,0.045525163
as an alternative in contacting people,positive,positive,0.7599071860313416,0.02940885,0.21068397,0.7599072
crashes all the time tells you there is no memory even on sd card. won't let you use if you decline push notifications,negative,negative,0.9124215245246887,0.9124215,0.08012512,0.007453407
what's the point?,negative,negative,0.9312961101531982,0.9312961,0.060537715,0.00816616
"i used to really love this browser but now it's just annoying .when i download files sometimes it tells me ""file doesn't exist"" and i have to redownload ,plus it lags .",negative,neutral,0.7198165059089661,0.19048455,0.7198165,0.08969892
its good but i think it should add like fortnite emojis or other characters,positive,neutral,0.5269107818603516,0.014696449,0.5269108,0.45839274
its good but now a days it slow,neutral,neutral,0.6864800453186035,0.023055673,0.68648005,0.29046434
"the emojis you can make out of it are great! however, it would be nice to implement the character doing different kinds of sports. also the app didn't have my face shape, hairstyle, and the mouth was too big for me. basically i had to go with what i could find that looked the most like me, and a bunch of people still thought that the bitmoji looked nothing like me. something else i'd like to add is that maybe for the female character, put some outfits that are t-shirts and moderate shorts, not just short shorts. i couldn't find my usual attire because of that. overall, my bitmoji only looks a bit like me so if you guys can change the face, costumes, and facial features to let more people have an accurate character, it'd be great. <signature>",positive,positive,0.5785616636276245,0.030656768,0.39078158,0.57856166
throw this app to garbage,negative,negative,0.9596037268638611,0.9596037,0.033590406,0.0068059
very nice and helpful <url> luving <url>,positive,positive,0.912501871585846,0.012721947,0.07477617,0.9125019
it will be better if there will be option to archive a chat,positive,neutral,0.5729563236236572,0.021475302,0.5729563,0.40556836
requesting to build a bigger forest!,positive,negative,0.43030834197998047,0.43030834,0.425736,0.14395568
stop the stupid ads,negative,negative,0.9296980500221252,0.92969805,0.05927711,0.01102474
spark lightening no longer working,neutral,negative,0.8296340107917786,0.829634,0.14925267,0.021113278
"slowly slowly you are making it worst app but it's your app you can do anything after all you are communist. see i don't like your inbuilt pdf viewer,video viewer app so allow user to use apps like adobe pdf reader and mx <url> and the new problem is the facebook video is not working <url> earlier i have given <number> star rating but now you are decreasing quality <url>",negative,negative,0.803127110004425,0.8031271,0.17711593,0.019756943
doesn't export my photos most of the time,neutral,negative,0.6508393883705139,0.6508394,0.32636487,0.022795802
still need to improve,positive,positive,0.5749756097793579,0.03228305,0.39274138,0.5749756
no philippine peso currency?,neutral,negative,0.6410276889801025,0.6410277,0.31315383,0.04581847
"i downloaded this app specifically to merge photos together on my backpacking adventures whilst eliminating the need for a laptop. sadly, it does not have the function to merge photos for panoramic or hdr.",neutral,neutral,0.6334512233734131,0.27416882,0.6334512,0.092379995
"pretty effective but i just noticed it doesn't pick up the usage of one of my most distracting apps (bacon reader for reddit). i was on it and thought oh no my tree! opened up to find it wasn't triggered. double checked my white list etc, everything was proper. if it doesn't block that it becomes pretty useless in my eyes",positive,neutral,0.7212806344032288,0.13547431,0.72128063,0.14324501
"awesome app. it would be sooo useful to have one button access to the lastest posts accross all channels and all workgroups, i find im spending much time digging around for the latest posts.",positive,positive,0.9181234240531921,0.012792194,0.069084376,0.9181234
its good and so easy to use,positive,positive,0.7776528596878052,0.01154863,0.2107985,0.77765286
this isn't as good as it's siblings,negative,neutral,0.7151294350624084,0.18883014,0.71512944,0.096040465
app is good service,neutral,positive,0.5440518260002136,0.021436362,0.43451178,0.5440518
app thinks i am a man :'),negative,neutral,0.5142751932144165,0.25292367,0.5142752,0.23280114
will not work correctly. i tryed to set the map in motion and it will not move!,negative,negative,0.956157386302948,0.9561574,0.037218563,0.006624043
super cute but kind of difficult to use on the spot.,positive,neutral,0.6410781741142273,0.0382413,0.6410782,0.3206805
"nice, but couldn't find night mode.",positive,neutral,0.5158612728118896,0.018621398,0.5158613,0.4655173
"insanely unreliable - wont let me accept invites to other workspaces nor will this application even show me the invite - login inconsistency, i can auto-login with the app but when i type my password in non-app login screens it wont work. its the same password i use for other applications and i successfully login each time.",negative,negative,0.932608962059021,0.93260896,0.060628004,0.0067630457
cant search without creating an account! they need your email so the can sell it to spammers! unistall!,negative,negative,0.9667485952377319,0.9667486,0.026944695,0.0063066403
only good not <signature>,neutral,neutral,0.685666024684906,0.031129815,0.685666,0.2832042
it is a waste app and waste of time. it is only useful for downloading the movies,positive,negative,0.9597082138061523,0.9597082,0.03406818,0.006223596
it's fast and i can always use it to download,positive,positive,0.8640525937080383,0.013275922,0.12267143,0.8640526
have to use and see,neutral,positive,0.5034103989601135,0.084324874,0.4122647,0.5034104
good but some issues,positive,neutral,0.6119431257247925,0.019821184,0.6119431,0.3682357
plz see sex movies it's nice in this,neutral,positive,0.6253381967544556,0.019202186,0.35545966,0.6253382
wont open. it always crashes and my phone reports it having multiple errors in <number> week,negative,negative,0.9556993246078491,0.9556993,0.037792727,0.006507909
fcs on a <number> page pdf. really?! even on my stock evo that's awesome? this reminds me of flash player on my laptop- always causing problems. adobe = crap,negative,negative,0.5129093527793884,0.51290935,0.43056855,0.05652207
"the worst app ever can't download a single <url> my downloads have been ""unsuccessful""",negative,negative,0.9662734270095825,0.9662734,0.027122041,0.0066046086
needs text search and in-document link support.,neutral,neutral,0.8082000613212585,0.04660749,0.80820006,0.14519253
it's a great app. love it and good job,neutral,positive,0.9106478095054626,0.01740315,0.071949005,0.9106478
"sometimes wonky when on wifi, but that could be internet connection issue. also wants to have high accuracy location on which will drain your phone quickly.",neutral,neutral,0.7582218050956726,0.16208112,0.7582218,0.07969712
why am i now seeing ads? lame!,negative,negative,0.9572005867958069,0.9572006,0.03623892,0.0065605175
you had one job,positive,negative,0.7966131567955017,0.79661316,0.16729319,0.036093686
"it would be nice if there was an option to record voice messages.    nuisance: when i press 'backwards' in my android, i am thrown out of the app, instead of going backwards to the messages list.    nuisance: i don't see a list of last messaged people in chronological order but randomly. this drives me <url>",neutral,neutral,0.777273416519165,0.038850415,0.7772734,0.18387625
not replacement for the desktop app,neutral,neutral,0.5191306471824646,0.36455724,0.51913065,0.116312094
great app to communicate with family and friends.,positive,positive,0.9247015714645386,0.015993448,0.059304938,0.9247016
best chat application ever,neutral,positive,0.8904543519020081,0.017125666,0.09241999,0.89045435
good app bt needs new features,neutral,positive,0.5248553156852722,0.015301103,0.45984358,0.5248553
it requires access permission n i dont know from where to turn on so can u plz tell m!!,neutral,negative,0.9094539880752563,0.909454,0.08096446,0.0095815025
uffff!!!! plzz don't downloaded this,negative,negative,0.9473416209220886,0.9473416,0.045319226,0.007339152
good <url> lacks some essential features,positive,neutral,0.7273942232131958,0.024709478,0.7273942,0.24789624
"the app is ok but the camera should no have any sound when you take photos, that problem is quite annoying",neutral,neutral,0.8430948257446289,0.03615505,0.8430948,0.120750085
installation corrupts gmail db on n <number> android <number> . <number>,negative,negative,0.9456860423088074,0.94568604,0.047097456,0.0072165336
i think it's a great start app!,positive,positive,0.8698648810386658,0.012427152,0.117707945,0.8698649
radar has been freezing and not moving for last month. deleted it after all this time. pos!!!,negative,negative,0.9532936811447144,0.9532937,0.04024911,0.0064572687
ok till it goes wrong,neutral,neutral,0.7395685315132141,0.043755107,0.73956853,0.21667643
i rely on weatherbug every day.,positive,positive,0.8731679320335388,0.017024217,0.109807834,0.87316793
"love this app, especially the lightening strike tracker.",positive,positive,0.9063488841056824,0.020790067,0.07286103,0.9063489
there's still more to it.,positive,neutral,0.5179663300514221,0.0975677,0.51796633,0.3844659
very basic and subscription based,negative,neutral,0.6570181250572205,0.15514037,0.6570181,0.18784149
no words great app,positive,negative,0.8607703447341919,0.86077034,0.11759441,0.021635326
"im not use as well, i think it is bad application, i dont like.",negative,negative,0.6514950394630432,0.65149504,0.31800753,0.030497445
keeps saying photos not found whwn trying to send/ attach to people. using a note <number> <url> its not <url> it <url> pwrfect for what application i needed it for. will try again when i get new phone in a couple weeks.,negative,negative,0.7553767561912537,0.75537676,0.22172624,0.022896908
helpful for book reading,positive,positive,0.9008431434631348,0.009909426,0.08924744,0.90084314
sometimes slow but yet efficient.,positive,positive,0.5608730912208557,0.018918233,0.4202087,0.5608731
for some reason the keyboard doesn't work on my phone. and i can't do couple's bitmojis with my wife. but it's fun to use with her anyhow,positive,positive,0.533235490322113,0.016782759,0.44998172,0.5332355
make anoying bc different ring with chat ring,neutral,neutral,0.48828208446502686,0.0743746,0.48828208,0.43734333
"please make the browser application sync-able with android phones. i was able to sync a few days ago, but now it only syncs with an ios account.",positive,neutral,0.7730840444564819,0.0992906,0.77308404,0.12762536
great app. would have been a <number> if avatar could be edited,neutral,positive,0.8564983010292053,0.03163675,0.11186497,0.8564983
poor cousin to the desktop app,neutral,negative,0.9265364408493042,0.92653644,0.06384186,0.009621645
i get notification for update but i can't update my bbm. please fix it.,neutral,neutral,0.7574752569198608,0.0776701,0.75747526,0.16485469
it wont let me download its saying it is but not getting it,negative,negative,0.9247009754180908,0.924701,0.066475675,0.008823423
force closed zenfone <number>,negative,negative,0.8808204531669617,0.88082045,0.099353634,0.019825973
cloud service only idea bites,negative,neutral,0.6523229479789734,0.18105257,0.65232295,0.16662455
i can't sign <url> :'(,neutral,negative,0.5231117606163025,0.52311176,0.38797832,0.08890989
horrible for one reason,negative,negative,0.9585339426994324,0.95853394,0.03295166,0.0085144695
<salutation> opening unwanted liks,negative,negative,0.6938237547874451,0.69382375,0.25036526,0.055810943
won't let me end chat,negative,negative,0.8994281888008118,0.8994282,0.08844303,0.012128705
"nice, but flow could be better.",positive,positive,0.6501606702804565,0.012228115,0.3376113,0.6501607
it just froze up a few days <url> doesn't work at all when i click on it,negative,negative,0.9303066730499268,0.9303067,0.06259725,0.0070960494
the news which displays on the welcome page is very annoying and vulgar have to be very careful when giving it to the children's at home to surf the internet and we had to use other browser in front of others as your front page containt all the vulgarity in news most of the people don't know how to disable news. the option should be visible on the front screen itself,negative,negative,0.5692951083183289,0.5692951,0.3823967,0.048308168
seems impossible to make a review,neutral,neutral,0.61173015832901,0.34293142,0.61173016,0.045338415
reflow doesn't let you move from what's on the screen. no option to go to specific pages directly (really? scroll through a <number> + page book everytime?),neutral,neutral,0.6793021559715271,0.25922382,0.67930216,0.06147404
low score due to the lack of a dark theme/night mode in <number> !,neutral,negative,0.7405979037284851,0.7405979,0.23833917,0.02106296
"no floating head, why",negative,neutral,0.47337958216667175,0.4528634,0.47337958,0.073756985
bad on sms blocking,neutral,negative,0.868667483329773,0.8686675,0.11936529,0.011967255
hated the new update,negative,negative,0.9516741633415222,0.95167416,0.041642416,0.0066834935
i find it a bit odd that the app doesn't automatically open a file. i have to go to the app and open the file from there.,positive,neutral,0.7397913932800293,0.040534783,0.7397914,0.2196738
the weather people are always wrong they suck,negative,negative,0.6052396297454834,0.6052396,0.351287,0.043473396
"no ""go to page"" feature? really?",neutral,negative,0.49579668045043945,0.49579668,0.44553375,0.05866961
caused ipad safari to stop working,negative,negative,0.9068752527236938,0.90687525,0.08105203,0.012072743
it's a good app to communicate with team instantly,positive,positive,0.8849851489067078,0.010821597,0.10419318,0.88498515
garbage. worthless app. i hope someone comes up with one better and more organized for people use. makes no sense. cant navigate. not worth the headache.,negative,negative,0.9644136428833008,0.96441364,0.028035,0.007551397
good but seems to be a battery drainer on lollipop,neutral,neutral,0.6253310441970825,0.01902569,0.62533104,0.35564327
like the funny <url>,positive,positive,0.6568138003349304,0.025636222,0.31755,0.6568138
"useless app, doesn't work as described",negative,negative,0.9640032649040222,0.96400326,0.028550822,0.0074459086
pdf viewer works much smoother and loads faster,negative,neutral,0.6246492266654968,0.043537997,0.6246492,0.3318128
awesome app with awful ux,neutral,neutral,0.4343823492527008,0.1539358,0.43438235,0.41168186
<salutation> why most of the time. when i finish downloading video and going to play it. it says failed to open its not like this before using old version.,negative,negative,0.5596465468406677,0.55964655,0.3946914,0.04566197
couldn't get edited photos out of lightroom!,negative,negative,0.9309741854667664,0.9309742,0.06122067,0.007805179
the update sucks!!! i lost all the trees i previously unlocked.,negative,negative,0.9640815854072571,0.9640816,0.02866064,0.0072578145
the cancellations are confusing and the will double charge,neutral,neutral,0.7584782838821411,0.17424743,0.7584783,0.067274265
"great, but eset is going off",positive,positive,0.7959060668945312,0.025940308,0.17815359,0.79590607
it is too slow app.,negative,neutral,0.6700926423072815,0.23886465,0.67009264,0.091042705
good & need more development options,neutral,positive,0.702376663684845,0.013713825,0.28390956,0.70237666
browsing fast but before download its doing re direct and suggest an other app.,positive,neutral,0.7359065413475037,0.07715371,0.73590654,0.18693978
please fix as soon as <url> cannot send message n dont have received feeds,negative,negative,0.6099578142166138,0.6099578,0.34947786,0.04056429
too many ads dude,negative,negative,0.5906767249107361,0.5906767,0.34457034,0.064752966
through this app i get amazing deals,positive,positive,0.9172235131263733,0.016489472,0.066287026,0.9172235
very helpful & useful for media <url>,positive,positive,0.9177106618881226,0.012561579,0.069727756,0.91771066
very helpful the apps,positive,positive,0.9095722436904907,0.011432301,0.0789955,0.90957224
update screwed the app over,negative,negative,0.9576260447502136,0.95762604,0.035557803,0.006816116
i love the variety of fashion styles this app offers. really digging on the poses & emotion statements. emoji id me. a ok,positive,positive,0.9112431406974792,0.018175343,0.07058154,0.91124314
except advertising everything is fine,positive,neutral,0.556535542011261,0.022318078,0.55653554,0.42114642
does what it's meant to do,positive,positive,0.5606194138526917,0.03749295,0.40188766,0.5606194
it's bad browsing with opera,positive,negative,0.5146840810775757,0.5146841,0.4523898,0.032926086
storm warnings are behind. weather warnings just seams to be behind,neutral,neutral,0.5811905860900879,0.32573768,0.5811906,0.093071684
not really but they had an annoying notification getting me to rate the app so,negative,neutral,0.7631895542144775,0.07721943,0.76318955,0.15959103
was better before they started messing with it. but still a bit of silly fun,neutral,neutral,0.7206102609634399,0.10115477,0.72061026,0.17823505
can no longer save locations.,neutral,negative,0.8983315229415894,0.8983315,0.09084213,0.010826324
"i use to like this app. but now the radar animation don't work,and i use to like that. i see it doesn't work for other people either sence the upgrade.",negative,negative,0.7100801467895508,0.71008015,0.2629964,0.026923418
it works but thats it,neutral,neutral,0.6836130619049072,0.036182143,0.68361306,0.28020483
"next update have any problems after i'm updates its say bbm not responding, and refresh page is take a long time, maybe <number> minutes, why the hell??",neutral,negative,0.763325035572052,0.76332504,0.21224083,0.024434075
"just downloaded it, and haven't had the chance to use it much.",positive,negative,0.807178258895874,0.80717826,0.17669787,0.016123945
inferior to the ios version.,neutral,negative,0.5733857154846191,0.5733857,0.39040652,0.036207777
"this app just simply doesnt care if i have allowed the data access or not. despite completely stopping the access to mobile data and wifi, it still runs in the background, connects with the internet and receives the texts. extremely intrusive and not something to have installed on your phone. if this is how it behaves, then it can't be trusted. uninstalled.",negative,negative,0.9489138126373291,0.9489138,0.04482109,0.006265146
quick booking. many options.,positive,positive,0.8930172324180603,0.010808699,0.0961741,0.89301723
can't jump to pages. up arrow disappears. at least make it optional for up arrow to stay visible all the time. just plain out aggregating to use.,negative,neutral,0.6384851932525635,0.3062288,0.6384852,0.055286042
very lag and make my phone so slow,negative,neutral,0.6251240968704224,0.33090645,0.6251241,0.043969385
useful and stable application <signature>,positive,positive,0.9016164541244507,0.011392794,0.08699073,0.90161645
overall a good app fast downloading and <signature>,positive,positive,0.8679224848747253,0.009397635,0.12267989,0.8679225
good place to work in groups,positive,positive,0.7452414631843567,0.012680484,0.242078,0.74524146
good application. but needs some improvement,positive,positive,0.6616688966751099,0.011974621,0.3263564,0.6616689
good app but to much fake news and add,negative,positive,0.5153920650482178,0.015264323,0.4693436,0.51539207
cool idea with severe (ironic) bug,positive,neutral,0.7340302467346191,0.068797074,0.73403025,0.1971727
this app are clearing all data,neutral,negative,0.9091734290122986,0.9091734,0.077270426,0.0135560585
good for a waytomake moneyon the side,neutral,neutral,0.502048909664154,0.02460482,0.5020489,0.47334623
it is very nice app,neutral,positive,0.8570489287376404,0.011375144,0.13157593,0.8570489
"best editing software. ui is easy , but please remove the trial",positive,positive,0.6591141819953918,0.024206363,0.31667945,0.6591142
not visible in app tray!,positive,negative,0.5234934091567993,0.5234934,0.42166218,0.054844357
the only thing i would do different is make this available on facebook i can't access it for my posts. had to uninstall and reinstall as it stopped working.,neutral,negative,0.7843801379203796,0.78438014,0.18613225,0.029487716
"would have been a perfect app excet for the fact that you cant insert the icon into your current text, but have to start a new one(text) <url> , and with every icon!",neutral,positive,0.6360864043235779,0.032798115,0.33111554,0.6360864
some issues in confirming the booking.,neutral,neutral,0.682766318321228,0.071636915,0.6827663,0.2455968
pls also cover news of intl. importance,neutral,positive,0.685465931892395,0.07260875,0.24192534,0.68546593
very easy to navigate,positive,positive,0.8929629325866699,0.019793546,0.08724353,0.89296293
won't stop shutting down. reported several times,negative,negative,0.8735239505767822,0.87352395,0.11156844,0.014907599
easy and very helpful,positive,positive,0.9225592613220215,0.010819121,0.066621624,0.92255926
"there is a problem, at least in this version, each time i try to view an already downloaded city guide while i'm online, always displays the search page for hotels <url>",neutral,neutral,0.7349450588226318,0.14062566,0.73494506,0.12442926
i am just downloading the app after completion i'll increase or decrease the rating based on the app performance,neutral,neutral,0.47984713315963745,0.46120605,0.47984713,0.05894677
"notif now okay, ads still not ok",positive,neutral,0.48706039786338806,0.46806386,0.4870604,0.0448757
"great app, too bad i'm on android.",positive,positive,0.8352005481719971,0.02754783,0.1372516,0.83520055
"it's is very effective app , but it takes too much time in opening",neutral,positive,0.779312014579773,0.011310566,0.20937745,0.779312
same bad it is good for search and for download but it is no to much good when i open uc browser on it home sreen or default and not save language option for my side not good,neutral,neutral,0.7401366829872131,0.17872934,0.7401367,0.0811339
not good for me,negative,negative,0.8844670057296753,0.884467,0.10447496,0.011057941
it's good for few days later it is not working well,neutral,neutral,0.7860362529754639,0.03013541,0.78603625,0.18382832
"keeps crashing. really looked fwd to checking it out, but crashes all the time. the few times it worked the timer got messed <url> work it out!",neutral,negative,0.8352417945861816,0.8352418,0.15209606,0.01266213
the worst - yet the only <url> ckck,negative,negative,0.939494788646698,0.9394948,0.05191654,0.008588696
i love this app!it really helped me! devs keep on fixing and constantly improving on the app. worth any all in app purchases (which are very cheap btw). just missing a widget! &lt;/ <number>,negative,positive,0.8177201747894287,0.042604443,0.13967535,0.8177202
my bbm very slow .. what happen ??,negative,negative,0.5552218556404114,0.55522186,0.41123945,0.033538695
i like booking in my computer,neutral,positive,0.849979043006897,0.016168231,0.13385274,0.84997904
i like this app,positive,positive,0.6720329523086548,0.060371444,0.2675956,0.67203295
can't do or find anything on the app,negative,negative,0.90489262342453,0.9048926,0.08700474,0.008102684
why open raw files ?,positive,neutral,0.554606020450592,0.23289357,0.554606,0.2125004
"all but useless in europe. slow to update and most features just don't work here at all. added a daily weather report, great! oh wait, it describes only one <url>",negative,negative,0.9225625991821289,0.9225626,0.06810466,0.009332741
something very wrong with the app,negative,negative,0.9007324576377869,0.90073246,0.08938983,0.009877735
iterate this app more then ads,negative,positive,0.5678282976150513,0.040754586,0.39141712,0.5678283
old seen should not repeat please,neutral,negative,0.5304973721504211,0.5304974,0.37388757,0.09561512
great app for traveling,positive,positive,0.8831612467765808,0.026939543,0.08989925,0.88316125
was so great <url> but <url>,negative,neutral,0.5257859826087952,0.2881839,0.525786,0.18603013
it's a nice app,positive,positive,0.7932325005531311,0.010242689,0.19652483,0.7932325
i love this service,positive,positive,0.6847450137138367,0.12921509,0.18603988,0.684745
larry delaney like it,neutral,positive,0.7338196039199829,0.034536354,0.23164408,0.7338196
not working with google messenger,neutral,negative,0.938560426235199,0.9385604,0.053645972,0.0077935793
"i am enjoying the app very much, it was recommended by my nephew and it is everything that he said it would be!!",positive,positive,0.9091904163360596,0.016540606,0.07426902,0.9091904
really only works with small documents and even then runs into freezes on motorola droid. no page jump which for books is necessary,negative,neutral,0.7499231696128845,0.13882682,0.74992317,0.11125006
"i used to really love this app until it started killing my trees just for receiving a notification that i hadn't opened yet. advanced detection is not on. may as well turn the phone off, but i use it for music.",negative,negative,0.63817298412323,0.638173,0.31916955,0.042657424
crashes immediately after startup - can't use it!,negative,negative,0.9570149183273315,0.9570149,0.03626514,0.006720004
can't login to bbm,negative,negative,0.9234515428543091,0.92345154,0.06842721,0.008121225
an very much useful application,positive,positive,0.8866134285926819,0.014074875,0.09931173,0.8866134
works great except a few things,positive,positive,0.7661864757537842,0.01930204,0.21451145,0.7661865
"<salutation> awful interface lacking any true customisation, yet another chat app that brings nothing new to the table and steals ideas from discord, an exercise in reinventing the wheel which hasn't been updated in years and crashes all the time. also i wouldn't trust this app if you value your privacy. avoid like the plague.",negative,negative,0.9505116939544678,0.9505117,0.04294463,0.0065435953
good for editing bad for storage,neutral,neutral,0.7795279026031494,0.059732717,0.7795279,0.1607394
"it's <url> only downside is can't make just any emotion, but overall great",positive,positive,0.8726004362106323,0.01141356,0.115986004,0.87260044
used to work . please fix,negative,negative,0.7679164409637451,0.76791644,0.20088844,0.031195085
it would be great if there's a feature where i can sort my files in folders because it is irritating to find a certain file in my sea of different subjects.,positive,positive,0.5127535462379456,0.022527628,0.46471882,0.51275355
one thing that uc devs definitely do is to remove ads and news <url> page is annoying if we want to read then will go in news site,negative,neutral,0.5768099427223206,0.25815356,0.57680994,0.16503645
nice to be back,positive,positive,0.764125645160675,0.016388996,0.2194854,0.76412565
"in all, we have to check this.",neutral,positive,0.7691784501075745,0.028422892,0.2023987,0.76917845
freezes on some files,neutral,neutral,0.7040957808494568,0.20620915,0.7040958,0.08969504
cannot save progress without spending money.,negative,negative,0.9213123321533203,0.92131233,0.070244975,0.008442698
greatly helpful. i like it,positive,positive,0.9263150095939636,0.011576199,0.062108744,0.926315
can't even spell sydney right,negative,negative,0.9378949999809265,0.937895,0.054851774,0.0072531425
can't even create an account,negative,negative,0.9647892117500305,0.9647892,0.028887952,0.0063227783
nice app but you put extra features in this app but app is good,neutral,positive,0.6336920857429504,0.012562643,0.35374528,0.6336921
"good, but better without all those ads like other free messengers such as whatsapp, telegram, etc",neutral,neutral,0.5540136694908142,0.017012564,0.55401367,0.42897373
wow. useless. hated it. <number> stars. (if i <url> ),negative,negative,0.9624517560005188,0.96245176,0.029893871,0.007654367
"bloated, glorified chat. i use it because my company obliges me to do so.",negative,negative,0.8550980687141418,0.85509807,0.12513001,0.019771872
it dors ansolutely nothing. wastef my time!,negative,negative,0.9602082967758179,0.9602083,0.032315508,0.0074761766
superb editing in this,neutral,positive,0.901332437992096,0.012724698,0.08594293,0.90133244
"generally very good & helpful, with some good prices. free cancellation option is extremely useful.",positive,positive,0.9167442917823792,0.009570817,0.07368485,0.9167443
"the ""i'm listening to"" <url>",positive,neutral,0.4498494863510132,0.12221787,0.4498495,0.4279327
"solid app, but lacking in the tablet ux area",positive,neutral,0.7809346318244934,0.11155296,0.78093463,0.10751238
let people to create more characters,neutral,positive,0.6654646992683411,0.03181199,0.30272332,0.6654647
app is good brower is so fast but news section in uc brower is the worst thing in the world,neutral,neutral,0.7153734564781189,0.0890341,0.71537346,0.1955924
"it is good easy to use , but why i have to download opera browser to download any videos from uc browser please fix this problem .",neutral,neutral,0.6360525488853455,0.029606158,0.63605255,0.33434138
it worked better before the <url> anything posted is hard to see and get to.,neutral,neutral,0.5957328677177429,0.2898863,0.59573287,0.11438089
can't apply for instagram. please updated,neutral,negative,0.8928203582763672,0.89282036,0.095323876,0.011855774
image size goes from <number> mb to <number> kb else fine.,neutral,neutral,0.6659952998161316,0.037752636,0.6659953,0.296252
please enable apps <number> sd immediately. <signature>,negative,neutral,0.5451643466949463,0.24196738,0.54516435,0.21286835
like the app but the don't update rainfall very often.,positive,neutral,0.5989530086517334,0.02647708,0.598953,0.3745699
i liked <url> the size of this app is <url> is better,positive,positive,0.5891910791397095,0.036301535,0.3745074,0.5891911
this app is extremely bloated. for the functionality provided it should fit within <number> mb without issues.,negative,negative,0.7083331942558289,0.7083332,0.26863423,0.023032613
half assed. uninstall! droid ally,negative,negative,0.9637321829795837,0.9637322,0.029190805,0.0070771216
quite nice - would be useful to edit posts from mobile,positive,positive,0.8491109013557434,0.010140018,0.14074901,0.8491109
app <number> f. temp <number> f,negative,negative,0.4606643617153168,0.46066436,0.4183027,0.121032946
too many update it's annoying,neutral,neutral,0.7186049818992615,0.18305936,0.718605,0.098335735
not responding to phone calls or emails. no customer service at all.,negative,negative,0.9458082318305969,0.94580823,0.047168538,0.007023282
thanks for fixing the problem,negative,positive,0.7570319771766663,0.014515664,0.22845234,0.757032
room rate at times is misleading subject to additional charges,neutral,negative,0.49057987332344055,0.49057987,0.4620038,0.04741627
access to files/photos/media,negative,neutral,0.5223208069801331,0.057919208,0.5223208,0.41975993
"best messaging app, not so great for file sharing though",positive,positive,0.8534387946128845,0.014389321,0.13217185,0.8534388
they want to much access,neutral,negative,0.7288682460784912,0.72886825,0.22752637,0.043605383
"would love more clothing choices, glasses and skin tones.",neutral,positive,0.8855974078178406,0.0125602195,0.10184241,0.8855974
line freecall is better than bbm freecall,neutral,neutral,0.6064355969429016,0.062168237,0.6064356,0.3313962
this app very nice & use very easy,neutral,positive,0.9169629216194153,0.011477668,0.07155934,0.9169629
make the dp full hd,neutral,neutral,0.5591267943382263,0.038517274,0.5591268,0.40235594
good if it doesn't has annoying news banners,positive,neutral,0.6593617796897888,0.021240698,0.6593618,0.3193975
please make the lite variant of this app for smartphones with less storage.,negative,neutral,0.591092050075531,0.07381149,0.59109205,0.33509645
age group <number> to <number> years old,negative,neutral,0.5580811500549316,0.20099324,0.55808115,0.24092555
takes a lot of space,negative,neutral,0.7096664309501648,0.2078717,0.70966643,0.08246183
trible app. ui is horrible.,negative,negative,0.9189885854721069,0.9189886,0.07120534,0.00980598
loved the app very much,positive,positive,0.5011324286460876,0.17606282,0.32280475,0.5011324
this bbm is not working on my galaxy s <number> edge why,neutral,negative,0.9332247376441956,0.93322474,0.058500312,0.008274926
it's great <url>,neutral,positive,0.8052635788917542,0.032231614,0.16250478,0.8052636
where is option for timer,negative,neutral,0.7102806568145752,0.037995946,0.71028066,0.25172347
well not. so good work but. some what.,neutral,neutral,0.7857840657234192,0.03851673,0.78578407,0.17569914
this could be great <url>,neutral,neutral,0.5272613763809204,0.17598492,0.5272614,0.29675367
take too much space or ram to run,neutral,neutral,0.7380044460296631,0.12451479,0.73800445,0.13748078
very useful. ive used the app many times in the last few years. hv even referred others by telling them directly. wish full address address of property could be included even before booking. thats my only complaint.,positive,positive,0.8733864426612854,0.011398702,0.11521486,0.87338644
i love it but she doesn't look like me after making so many changes!!,positive,positive,0.768805980682373,0.031226553,0.19996749,0.768806
"it's ok, but since it appears to have basic reflow why can't we have white text on black background to save battery?",neutral,neutral,0.7838623523712158,0.02890332,0.78386235,0.18723434
great!!! amazing tool for textbooks in pdf <url> i use it on my lenovo tab <number> <number> plus and it works awesome. most of my medical textbooks converted in pdf run absolutely fine with this app.,positive,positive,0.9156250953674316,0.0151981395,0.06917681,0.9156251
bothering me for a rating,neutral,neutral,0.6711168885231018,0.24379879,0.6711169,0.08508427
it works great until you need to use another app. even when i whitelist apps my tree still withers,neutral,positive,0.5310359597206116,0.037511036,0.431453,0.53103596
good weather overview. occasionally buggy (no pun intended).,positive,positive,0.7314829230308533,0.012104967,0.25641212,0.7314829
when it works is great,neutral,neutral,0.6027438044548035,0.2381006,0.6027438,0.1591556
radar map doesnt work at all since last update. please fix and get <number> stars,negative,negative,0.959755003452301,0.959755,0.03384404,0.0064010154
"how do i use on facebook,?",negative,neutral,0.5081589221954346,0.115563124,0.5081589,0.376278
used to be my favorite app,negative,negative,0.7862064838409424,0.7862065,0.18825547,0.02553807
its all good except for one thing.,neutral,neutral,0.6531542539596558,0.023517217,0.65315425,0.32332858
to good to be true,positive,positive,0.5237581729888916,0.051170558,0.42507133,0.5237582
this app is useful for me,positive,positive,0.8167616724967957,0.013150755,0.1700876,0.8167617
"only worked for a day, then the app would never open and kept saying there was a error. uninstalled the re-installed <number> times never worked again",negative,negative,0.9482101202011108,0.9482101,0.04429446,0.007495446
not able to open pdf's downloaded to sd <url>,negative,negative,0.8403387665748596,0.84033877,0.14372933,0.015931921
slow and crashes dinc v <number> . <number>,negative,negative,0.6134746074676514,0.6134746,0.35930613,0.027219227
"easy to use, fairly accurate!",positive,positive,0.9211258292198181,0.010879687,0.067994446,0.9211258
its a usefull app for informal office communication.,positive,positive,0.920045018196106,0.009743776,0.07021118,0.920045
"facebook face detection doesn't work, so you have to start from scratch. also not enough selection to choose from.",neutral,negative,0.8811535239219666,0.8811535,0.10836678,0.010479741
more than one and add more stuff. (stuff to make the avatar),neutral,positive,0.7574526071548462,0.019702982,0.22284445,0.7574526
i can't play it that sucks,negative,negative,0.9373528957366943,0.9373529,0.054742277,0.007904887
crashes during import htc one m <number>,negative,negative,0.9159426689147949,0.91594267,0.07586997,0.008187336
does exactly what it says. i like it.,positive,positive,0.8802760243415833,0.014716129,0.10500785,0.880276
i think this app is good,positive,positive,0.6618028283119202,0.015980689,0.32221648,0.6618028
great app. free cancellation should be indicated per hotel before booking.,positive,positive,0.8374884128570557,0.034845967,0.12766564,0.8374884
"it's great for pdf, i only wish it supported other book formats like epub or mobi",positive,positive,0.8445913791656494,0.01282141,0.1425872,0.8445914
"stopped working and deleted everything after a week, pretty poor i'd say",negative,negative,0.9324213862419128,0.9324214,0.059642714,0.007935912
"a couple days ago, started telling me it can't attatch the emoji to my texts, that just stinks! i have a galaxys <number>",negative,negative,0.8831131458282471,0.88311315,0.10596564,0.010921186
overall very useful app. i only don't like the fact that also sold-out hotels are shown. can be quite frustrating.,positive,positive,0.872412383556366,0.009846415,0.1177412,0.8724124
works well. it could have been better if approximate dates were allowed in search form.,positive,positive,0.7594449520111084,0.0111310715,0.229424,0.75944495
still not as good as it could be!,neutral,neutral,0.7577588558197021,0.10520395,0.75775886,0.13703722
for more information about this review go to <url>,negative,neutral,0.47138431668281555,0.12828015,0.47138432,0.40033552
its been <number> years im using uc browser i gave a feedback that in uc browser we can't download videos directly to sd <url> have given a feedback about this past <number> years back but still uc team have not sloved my <url> service i request google team to please remove this uc browser from google <url> dnt need this kind of careless team ..,negative,negative,0.9378053545951843,0.93780535,0.054291613,0.007902988
awesome app to find any <url> it,positive,positive,0.8949816823005676,0.015768323,0.08924995,0.8949817
ok permissions fix. i've updated and given back two of the four stars i'd dropped.,neutral,neutral,0.7559879422187805,0.035988674,0.75598794,0.2080234
i love the idea but can we get a weekly forest too?? that would be quite motivating!,neutral,positive,0.8134312033653259,0.017119775,0.16944897,0.8134312
it's very good for edit photos and make photos and make a design of any things,positive,positive,0.9100672602653503,0.012306982,0.07762575,0.91006726
"i really love the lightroom software for laptops and other devices, but i don't find the app really convincing when compared to the software as you just miss so many options in the app",neutral,positive,0.5257219076156616,0.028410973,0.44586712,0.5257219
"latest version is <number> . <number> . <number> , last updated on <number> th september <number> . uninstalled as abandoned. desktop is already at <number> . <number> .",negative,negative,0.9503340125083923,0.950334,0.041974194,0.007691691
just click the back button and my tree will still <url> and i don't think i have the whitelist edit- i think your tree only dies when you open another app that isn't on your whitelist or else the list is <url> am i wrong?,positive,negative,0.6245775818824768,0.6245776,0.33673617,0.038686246
adobe products are awsome,positive,neutral,0.5326052904129028,0.37936836,0.5326053,0.08802635
latest update fails to install with 'unknown reason - <number> ',neutral,negative,0.8039945960044861,0.8039946,0.17345332,0.022552121
"the app syncs messages too slowly and marking messages as ""read"" is buggy.",neutral,neutral,0.7866021990776062,0.065521225,0.7866022,0.14787662
"great service, terrible app. the app doesn't seem work with mobile internet which makes it mostly useless.",negative,negative,0.9478958249092102,0.9478958,0.04375879,0.008345302
now <number> % harder to use,negative,negative,0.7217375636100769,0.72173756,0.24213608,0.03612633
marginal but still better than others i have tried.,neutral,neutral,0.6947107911109924,0.04613524,0.6947108,0.25915396
the app doesn't provide multiple tabs at a time. it would be great if its possible.,positive,neutral,0.7501001954078674,0.048150953,0.7501002,0.20174891
good app and uesfull,negative,positive,0.7666841745376587,0.012392839,0.22092299,0.7666842
only hate the <url>,positive,positive,0.48599904775619507,0.08191359,0.43208727,0.48599905
"i was using it every day and i think it was brilliant, even upgraded to paid version but since last update i haven't been able to access it at all as it keeps crashing. please fix it.",neutral,negative,0.650444746017456,0.65044475,0.3119732,0.037582025
wont work for saml integration,neutral,negative,0.9483744502067566,0.94837445,0.04441992,0.007205713
good but ads are annoying,neutral,neutral,0.5544378161430359,0.016095225,0.5544378,0.42946693
"app works fine, but it is very disappointing that there is no possibility to just use the map to find available accommodation. you always have to fill a place to search, but mostly i just want to browse and see what's available, regardless of the location.",neutral,neutral,0.6811922788619995,0.025457634,0.6811923,0.29335007
worst app and if it is install u r phone become a virus attack,negative,negative,0.9593321084976196,0.9593321,0.034129176,0.006538699
not what i'd expect from the creators,neutral,negative,0.7530916333198547,0.75309163,0.22869869,0.018209735
"won't leave my facebook, like a <url>",negative,negative,0.9393590688705444,0.93935907,0.052647397,0.007993507
ads is an inconvenient thing so far,positive,negative,0.5021438598632812,0.50214386,0.45178992,0.046066195
"i like the interface , it's really good. for me, i feel it would be nice to have a look up option when we right-click on words . it's functionality is to link up words to our dictionary apps. <signature>",positive,positive,0.8703912496566772,0.009541658,0.12006716,0.87039125
good but many <url>,positive,neutral,0.6341912150382996,0.025324628,0.6341912,0.34048414
requires photos to be imported into lightroom. i know this has how the desktop version but wish the mobile version was faster and easier to use.,neutral,neutral,0.6427476406097412,0.05676243,0.64274764,0.30048993
miss tabs to move between open docs. otherwise is fab.,positive,neutral,0.786594808101654,0.06349251,0.7865948,0.14991274
"they stole from me i wanted a refund and because the manager of the hotel i chose treated me indifferently all because i wasn't <number> and so i emailed their "" <number> hour customer service"" and never got helped. lost $ <number> . don't use this app it is a trap.",negative,negative,0.9620487093925476,0.9620487,0.03190359,0.006047669
my ag fans love the photos i do,positive,positive,0.8945104479789734,0.027664332,0.07782527,0.89451045
this app would be perfectly awesome if it worked with the keyboard on my tablet so that i could use it in facebook when i <url> without white backgrounds,neutral,positive,0.8025618195533752,0.018563405,0.17887482,0.8025618
"why my friends can retract or delete their messages, while i can't? i don't know what bb phone or android they have.",neutral,neutral,0.5792678594589233,0.33402276,0.57926786,0.08670936
it sucks non free things to choose from,negative,negative,0.9516902565956116,0.95169026,0.04131114,0.0069986633
this is very good app for downloading,positive,positive,0.8815467953681946,0.013112978,0.105340235,0.8815468
not accurate information all the time,neutral,neutral,0.6702321171760559,0.2631013,0.6702321,0.0666666
cannot show my reserved bookings,negative,negative,0.5233772397041321,0.52337724,0.43432215,0.04230065
i love this app,positive,negative,0.35065174102783203,0.35065174,0.3069414,0.34240687
my company forces me to use this app.,neutral,negative,0.9614840745925903,0.9614841,0.031809945,0.0067060716
it's hard to cancel a booking when <url> to use,neutral,neutral,0.7069425582885742,0.21197672,0.70694256,0.0810807
won't open email attachments,negative,negative,0.9540125131607056,0.9540125,0.03950593,0.006481483
couldn't find a better suited search app. compliments to the team. trivago couldn't find these many options.,positive,negative,0.5260840058326721,0.526084,0.4177425,0.056173448
"simple to use, don't seem to be able to see complete booking information",positive,neutral,0.5060237050056458,0.03139997,0.5060237,0.46257636
absolutely one of the <signature>,positive,positive,0.9109596014022827,0.01891916,0.070121184,0.9109596
i like the reading mode specially. but sometimes it crashes.,positive,positive,0.6530267596244812,0.018588865,0.3283844,0.65302676
sounds and digital mixer cansol,positive,positive,0.7799630165100098,0.03636289,0.18367414,0.779963
"lacks a lot of basic features such as bookmarks and ""goto page"". thinkoffice does a better job.",negative,neutral,0.8068182468414307,0.11701776,0.80681825,0.076163955
much better than asana,positive,positive,0.6224671602249146,0.09548908,0.28204378,0.62246716
better on my windows phone,negative,neutral,0.5646488666534424,0.06245743,0.56464887,0.37289372
it's good but always show on screen when i switch on my home screen,neutral,positive,0.4991244077682495,0.015268198,0.48560733,0.4991244
this app is my go to when i need to know about the weather.,positive,positive,0.8586393594741821,0.0144707095,0.12688993,0.85863936
"okay but not great, and not really improving",neutral,neutral,0.8371102213859558,0.041756753,0.8371102,0.12113304
it should have pause option,neutral,neutral,0.7241299152374268,0.032943014,0.7241299,0.242927
"all is good in this app except i couldn't see any hdr option while clicking photos, may be since i use oneplus one, which also has high processing power and advanced chipset enough to support this app. so they should support many more devices like this! hope the support arrives in next update itself.",neutral,positive,0.5333647727966309,0.014793699,0.45184153,0.5333648
"professional app , useful for office purpose , easily connect to office by mobile but too much heavy unable to send messages on slow network.",positive,positive,0.7935078740119934,0.015425483,0.19106671,0.7935079
update is not starting after clicking on update button,negative,neutral,0.5898438692092896,0.34163046,0.58984387,0.068525724
hate it since the update,negative,negative,0.9382224082946777,0.9382224,0.053746495,0.008031166
tired of getting ripped off.,negative,negative,0.8320773839950562,0.8320774,0.15096499,0.016957695
had to sleep in the truck!,negative,negative,0.9078254699707031,0.90782547,0.08121216,0.010962376
radar stopped working. i would've given <number> star rating if it worked.,negative,negative,0.945213794708252,0.9452138,0.046439786,0.008346424
worst experience in goa,negative,negative,0.9613505005836487,0.9613505,0.031768154,0.006881367
like it because it syncs better,positive,positive,0.7863410115242004,0.013422201,0.20023678,0.786341
i can connect to my friends.,positive,positive,0.8969374299049377,0.013220147,0.089842424,0.89693743
i love this app,negative,negative,0.35065174102783203,0.35065174,0.3069414,0.34240687
fantastic app for downloading and easy to use,positive,positive,0.9040051102638245,0.0136343725,0.08236052,0.9040051
"unable to change alert sound. not in options. unable to enable alerts per channel, on all or keywords and direct. closer to a beta than an app.",negative,negative,0.8708417415618896,0.87084174,0.11750987,0.011648373
so much fun! makes people laugh.,positive,positive,0.8406007885932922,0.030530997,0.1288682,0.8406008
similar to all other photo editing apps. doesn't stand out from ythe rest.,neutral,neutral,0.7407800555229187,0.18719499,0.74078006,0.072024934
the quality of display picture is so bad,neutral,negative,0.6817824244499207,0.6817824,0.29295817,0.0252594
this app is very fast,neutral,positive,0.8186227083206177,0.021919977,0.1594573,0.8186227
dear friends do not install this browser. this browser is pathrtic <url> will ads and ads on this .really annoying,negative,negative,0.7467031478881836,0.74670315,0.22935653,0.023940347
please fix so i can type!,negative,neutral,0.6881638765335083,0.055117432,0.6881639,0.2567187
able to provide sufficent info regarding hotel that want to be rent,positive,positive,0.7500530481338501,0.016490947,0.23345602,0.75005305
they make you pay to create an account!! this is outrageous.,negative,negative,0.9619749188423157,0.9619749,0.031017842,0.007007145
"it's a great concept for assosiating a reward to focus for those of us who struggle; however, my tree withers when someone phones me and i don't answer which is obviously a piss off.",positive,positive,0.6290090680122375,0.03605695,0.33493406,0.62900907
really a very good app,positive,positive,0.88240647315979,0.01515674,0.102436796,0.8824065
awesome app! it will be better if you sync all your timers on your phones and chrome/mozilla extension. because i have to start to plant on my <number> phones and my browers when i'm working when you can do it just once and all your timers will start automatically. i hope you do it!,positive,positive,0.9025763869285583,0.0140268775,0.08339672,0.9025764
this app is very nice,positive,positive,0.8311534523963928,0.01410698,0.1547396,0.83115345
"this app is super cute! my only complaint is that there is no piercing section! i have <number> piercings and would really like to at least have a nose ring! or maybe earrings? also think you should be able to customize outfits, like pick a shirt, bottoms, and shoes! instead of just the premade outfits.",positive,positive,0.8515820503234863,0.014032062,0.13438591,0.85158205
"app is okay but has superfluous things that i will never use. including every option is okay but the ideal app would allow for complete customization of components and page information that is pertinent to the user and where they are located. additionally, collecting metrics on what users actually use versus what is weak allows for improved development of the weaker app areas. that said, i have used this app for a long time with little cause for complaint.",neutral,positive,0.504446804523468,0.016130665,0.4794225,0.5044468
could you please add an option for exporting photos using the png format? it would be very handy.,neutral,positive,0.7757040858268738,0.012471806,0.21182407,0.7757041
i like the reflow feature. but useless for me as i can't search nor skip to a specific page (have to scroll through entire books),negative,neutral,0.7640255689620972,0.1454524,0.76402557,0.09052212
"simple yet effective. would be great if the app had more customisation options like moving the plants around, changing the colour etc.",positive,positive,0.7877841591835022,0.011748701,0.20046712,0.78778416
uc brouser is <signature>,positive,neutral,0.40304848551750183,0.23287946,0.4030485,0.36407205
not starting since last update. please see to it. i gave <number> star so you can quickly check my issue. my phone is note <number> neo n <number>,positive,neutral,0.6204737424850464,0.27408814,0.62047374,0.10543811
doesn't work properly on nova launcher,neutral,negative,0.9288651347160339,0.92886513,0.06329494,0.007839961
"useful, informative and helpful <signature>",positive,positive,0.9229871034622192,0.011166909,0.065846,0.9229871
still no floating head!! disappointed,negative,negative,0.5954204201698303,0.5954204,0.34675375,0.05782587
this app sucks now,negative,negative,0.9658576846122742,0.9658577,0.026838914,0.0073033827
it can't find my photos,negative,negative,0.8527649641036987,0.85276496,0.13371421,0.013520866
what happened to my little shortcut!? or used to stay open in all my messaging <url> now it's gone!!,negative,negative,0.8760656714439392,0.8760657,0.10502509,0.018909208
stable and functional but not totally user friendly.,neutral,neutral,0.8049641847610474,0.040113993,0.8049642,0.15492181
this is good <url>  downloading movies but many. ads are come in between browsing,neutral,neutral,0.720554769039154,0.032852672,0.72055477,0.24659252
i don't like the company not the app,negative,negative,0.5927106738090515,0.5927107,0.3628375,0.04445187
"great app but would love to have better clothing styles. maybe peacoats, pencil skirts etc. <signature>",positive,positive,0.8936304450035095,0.014116879,0.09225265,0.89363045
radar map will not move. it hasn't been accurate either.,negative,negative,0.9351617693901062,0.93516177,0.057281394,0.0075567616
"simplistic, designed to exceed expectations and overcome limitations.",positive,neutral,0.6670205593109131,0.05986776,0.66702056,0.27311167
<url> sometimes it's gone <url> hate slow,neutral,neutral,0.5372676253318787,0.3464794,0.5372676,0.11625302
"i would use it more but i dont like that it has to start a new message, would be better if it would just add to the convo on the screen",neutral,neutral,0.7674252986907959,0.0859378,0.7674253,0.14663683
very bad app. it is forcing to instal. i think it is a virus.,negative,negative,0.9650943875312805,0.9650944,0.028715355,0.0061902283
better if no trial period and unlimited use for free,positive,neutral,0.6152566075325012,0.033134695,0.6152566,0.3516087
great but needs presets access,neutral,positive,0.8265153169631958,0.018049696,0.15543503,0.8265153
each time it simply keeps saying that my phone has <url> disgusting,negative,neutral,0.5454172492027283,0.33162028,0.54541725,0.12296246
keeps documents in line. i really like this application!,positive,positive,0.8086864948272705,0.03310477,0.15820873,0.8086865
anyone video download stop and very slow download,negative,negative,0.7021360397338867,0.70213604,0.27587673,0.021987164
used to work but no longer does. writing this review while my is growing :/,neutral,negative,0.7551613450050354,0.75516135,0.21700884,0.027829718
limited options but fun,neutral,neutral,0.7105963230133057,0.028052485,0.7105963,0.26135126
would give better but have'nt used much yet,negative,neutral,0.6519060134887695,0.03051017,0.651906,0.31758386
"app ok, but temp doesn't update in notification bar",neutral,neutral,0.8400821685791016,0.042816274,0.84008217,0.11710154
no way to redeem tickets.,neutral,negative,0.9616963267326355,0.9616963,0.031951193,0.0063524675
"silly app , it would let me open google while it will kill the plant if i open calculator or dictionary",negative,negative,0.8434014916419983,0.8434015,0.14012279,0.01647574
"wow, such a pos!",negative,positive,0.8284655213356018,0.029483793,0.14205065,0.8284655
is a great app but since the update a couple of days ago i can't get radar to work. tried uninstalling and reinstalling but doesn't work.,positive,neutral,0.5547927618026733,0.34225026,0.55479276,0.10295699
"i hate start up with system, i don't use it frequently",negative,negative,0.88425213098526,0.88425213,0.10389854,0.011849391
push notifications not working,negative,negative,0.6928569078445435,0.6928569,0.27790767,0.029235395
good combination with acrobat reader. it's quite clear,positive,positive,0.8651315569877625,0.009202573,0.12566583,0.86513156
nice. update it to be more digital. very clear,positive,positive,0.8775378465652466,0.010713496,0.111748666,0.87753785
nice but sometimes hanging,positive,positive,0.5813098549842834,0.016246565,0.4024436,0.58130985
still getting to know it,positive,neutral,0.5624252557754517,0.16296688,0.56242526,0.27460784
i use it for reading articles and it's fine. would be useful to be able to open two articles at once for cross reference but otherwise happy with the app,positive,positive,0.8596308827400208,0.009454177,0.13091497,0.8596309
its better than others,neutral,positive,0.521064817905426,0.020494463,0.45844072,0.5210648
does not work. in play store not listed as trial .come on adobe you stop down loads from your services now products do not work and listed as free we hen really a trial,negative,negative,0.9654200077056885,0.96542,0.027918508,0.0066614836
almost a good editor,positive,positive,0.6754541397094727,0.016031781,0.30851412,0.67545414
not able to download new <url>,neutral,negative,0.8421445488929749,0.84214455,0.14231174,0.015543712
"so i create a pdf using an adobe program, then send it to my phone to see what it looks like, but it won't open! pretty lame if you ask me.",negative,negative,0.8183161616325378,0.81831616,0.16423616,0.017447708
sometime can't change display picture at asus zenfone <number> . please fix,negative,neutral,0.7001990079879761,0.07590802,0.700199,0.22389302
really nice concept but on android it just keeps hanging and eventually crashing.,negative,neutral,0.758272647857666,0.135415,0.75827265,0.10631233
doesn't work on my phone. always error,negative,negative,0.9452313780784607,0.9452314,0.048277143,0.006491544
slackbot opens every time i start to type a reply in the app. started happening with the last update (note <number> ). why can't we disable slackbot? <number> star until we get this ability.,negative,negative,0.75477534532547,0.75477535,0.21721531,0.028009374
"complex app that covers all sorts of things related to travelling, maybe too many",positive,positive,0.8759413361549377,0.015357079,0.108701654,0.87594134
great and more awesome,positive,positive,0.8873252868652344,0.027282894,0.08539189,0.8873253
not what i asked for,negative,negative,0.8706889152526855,0.8706889,0.11708755,0.012223488
i wish you would show canadian maps,neutral,neutral,0.5069423913955688,0.031063057,0.5069424,0.46199453
you don't allow to take in-app screenshots?,neutral,negative,0.4742332696914673,0.47423327,0.46142447,0.06434222
how about date birth,negative,neutral,0.6195544004440308,0.08919706,0.6195544,0.29124856
"works great, other then not being able to delete content directly from phone.",neutral,positive,0.6065609455108643,0.02683389,0.36660513,0.60656095
can't copy/paste or add keyboard to android,negative,neutral,0.7628598809242249,0.16917932,0.7628599,0.067960836
can't even create a account tried more than <number> times,negative,negative,0.9641971588134766,0.96419716,0.029797958,0.0060049226
fast and good but missing features.,neutral,neutral,0.5011422634124756,0.018686779,0.50114226,0.4801709
cannot get rid of floating head in my messages and it's driving me mad. i've had to uninstall the app to get rid of it &gt;:-/,negative,negative,0.9104248285293579,0.9104248,0.080670565,0.008904653
"love this app. i use it to study, but i answered a phone call and it wilted my tree. i can't really help when i receive phone calls. this one had to be answered and now i have to look at a wilted tree in my beautiful forest. i am upsetti spaghetti since i'm a perfectionist",positive,positive,0.8102786540985107,0.023673126,0.16604821,0.81027865
this app is slowly work,neutral,neutral,0.5115019679069519,0.0922339,0.51150197,0.39626405
no instructions on how to delete files/pages viewed.,neutral,neutral,0.5813605785369873,0.3694472,0.5813606,0.049192235
it helps a lot.,positive,positive,0.8865673542022705,0.012237825,0.10119485,0.88656735
"need to improve performance, usablity, and <url>",neutral,positive,0.6482928395271301,0.03050489,0.32120228,0.64829284
multiple image share option is missing,neutral,neutral,0.5780770778656006,0.037926786,0.5780771,0.38399613
"i like the functions, but",neutral,positive,0.5056570172309875,0.021762809,0.47258022,0.505657
why don't you just block us all?! =d =d =d,negative,negative,0.7244434952735901,0.7244435,0.23058549,0.044970997
easy to find hotel,neutral,positive,0.8747007250785828,0.01632111,0.1089782,0.8747007
"if unexpected crashes negleted, it is so far the <signature>",positive,neutral,0.603999674320221,0.09567551,0.6039997,0.30032477
used to love it,negative,negative,0.8414417505264282,0.84144175,0.13789211,0.020666068
"i love this app but with the latest update it died when i used a white listed app, and when i checked my whitelist i couldn't scroll through or change anything which was weird. plz fix this and add more trees!",positive,positive,0.7302751541137695,0.032895986,0.23682888,0.73027515
very good mobile phone photo editor,positive,positive,0.8933268189430237,0.011860869,0.09481231,0.8933268
keeps telling u to turn on the access then brings u to the settings page and even aft you check all the boxes doesnt take you back to the app. and continues to keep popping up disrupting phone usage. app doesnt work properly,negative,negative,0.9374839067459106,0.9374839,0.055212863,0.0073031653
app is faster but stucks mobile pleas fix it up,positive,neutral,0.7197909355163574,0.18026648,0.71979094,0.0999425
"should have ""seen"" feature",neutral,neutral,0.7651183009147644,0.09081984,0.7651183,0.14406188
"can not zoom in or out, plis fix",neutral,negative,0.5848501920700073,0.5848502,0.3825929,0.032556985
nice idea and interface but finding friends doesn't work on android,neutral,neutral,0.8132801055908203,0.09122823,0.8132801,0.09549166
white list is so frustrating!,negative,negative,0.6507886648178101,0.65078866,0.32249343,0.026717853
need <url> saving to gallery issue adding photo issue,neutral,neutral,0.6291637420654297,0.089769036,0.62916374,0.28106722
the live doppler doesn't work since i updated,negative,negative,0.8638519644737244,0.86385196,0.123520575,0.012627531
very ugly and difficult to use platform. i do not suggest it. very bad,negative,negative,0.9541788697242737,0.95417887,0.039687485,0.0061337445
recent update be unstable and loading so late,neutral,negative,0.6169431209564209,0.6169431,0.35476947,0.02828736
would give <number> stars if you blocked the facebook messenger bubble as well,positive,neutral,0.5648906230926514,0.03730374,0.5648906,0.3978056
it's a good overall weather app. do miss the traffic cam.,positive,positive,0.7962006330490112,0.010546947,0.19325241,0.79620063
really hard to navigate.,neutral,negative,0.8590289950370789,0.859029,0.1292421,0.01172887
they don't refund difference if room is cheaper,negative,neutral,0.5046447515487671,0.40098712,0.50464475,0.094368145
"works most of the time. freezes sometimes while trying to open a document, but just restart the app and it's good to go.",positive,neutral,0.5551220774650574,0.024092266,0.5551221,0.42078567
my friend show me it on tumbler it's amazing <signature>,positive,positive,0.8841248154640198,0.015233884,0.100641266,0.8841248
would of gave it <number> stars if i could. i just figured out that this app was using <number> % of my battery life and i never even use the app. sucks really bad.,negative,negative,0.9146547913551331,0.9146548,0.07521847,0.010126821
"you ruined the icon, we said ok. now you are ruining the background color too. stop changing, no one was complaining!",neutral,negative,0.8863101005554199,0.8863101,0.10038132,0.013308631
should have been a <number> star but why's the android version lacking local adjustments that the ios version has. i can understand that there may be delays among platforms but it's already <number> months behind!,neutral,neutral,0.7776764035224915,0.12004573,0.7776764,0.102277905
nothing i want from this app,negative,negative,0.9502024054527283,0.9502024,0.042664856,0.007132773
so great until today,negative,neutral,0.42229411005973816,0.25779977,0.4222941,0.31990615
it would be nice if it had it on like whatsapp for android but you have to download another app to access that <url> yeah but it's good,positive,neutral,0.5790940523147583,0.014770551,0.57909405,0.40613544
high quality images turns into low quality,neutral,neutral,0.48783695697784424,0.4732915,0.48783696,0.038871475
"it doesnt work, the screen flashes on and off and it wont open",negative,negative,0.9600269794464111,0.960027,0.033352528,0.006620475
no retract in options,neutral,neutral,0.7707339525222778,0.13716793,0.77073395,0.09209818
last position read somewhat flawed,neutral,neutral,0.6928690075874329,0.22156267,0.692869,0.08556837
get <number> days free trial. nice. to try it i need to be able to access photos that store to my sd card. i do that so i have room on my phones internal drive. waste of time,negative,neutral,0.6255929470062256,0.095948376,0.62559295,0.2784587
does not support to open pwd protected document,neutral,negative,0.8589945435523987,0.85899454,0.12756757,0.013437844
got rid of the irc gateway. this was why we used slack. uninstalled.,negative,negative,0.9629268050193787,0.9629268,0.030108662,0.00696456
more theme and customization <url>,positive,positive,0.8412125110626221,0.02282593,0.13596155,0.8412125
some items don't work!,neutral,neutral,0.6859939694404602,0.24654615,0.68599397,0.06745984
map animation still has bug.,negative,neutral,0.6479085087776184,0.28691626,0.6479085,0.06517525
"ignores some files, loads a few others",neutral,negative,0.5729871392250061,0.57298714,0.39896616,0.028046671
it's not as good as it used to be,neutral,neutral,0.6340428590774536,0.2804619,0.63404286,0.08549515
"good, but needs things",positive,neutral,0.5372233986854553,0.01909573,0.5372234,0.4436809
not working properly on samsung galaxy a <number> .,negative,negative,0.9349594116210938,0.9349594,0.05730594,0.007734744
views pdfs better then stock app but it doesn't see pdf's on sd card,negative,neutral,0.8321741819381714,0.070752114,0.8321742,0.09707366
no way to get rid of ads on terrible screen layout.,negative,negative,0.9571171402931213,0.95711714,0.03725838,0.0056245457
required an account. i want an app to edit pictures on my phone. the online storage and synchronization should be an optional feature; not a requirement.,negative,neutral,0.6513699293136597,0.2913976,0.6513699,0.057232503
ok with local weather love the thunder part of the app,positive,positive,0.54393070936203,0.017948084,0.43812117,0.5439307
trivago the tru app,neutral,neutral,0.46041932702064514,0.14132324,0.46041933,0.3982574
add a floating notification,positive,neutral,0.5794851779937744,0.04787704,0.5794852,0.37263784
why i can not share video on bbm group; too many update but no significant effect,negative,neutral,0.7610144019126892,0.15187487,0.7610144,0.08711065
limited options for search,negative,neutral,0.8245729207992554,0.07594503,0.8245729,0.09948197
good for messaging not for calls,neutral,neutral,0.7537164688110352,0.047542457,0.75371647,0.19874115
"it's available when i need it and it's more accurate than other weather apps i've tried. update(jan <number> ) <url> recent california winter has been crazy, and frankly this app has let me down with inaccurate forecasts for most of it. comparatively, the google now app is more accurate. maybe the sensors in my area are just bad. when it's fixed, i revisit my review.",neutral,neutral,0.6064653992652893,0.031969067,0.6064654,0.36156556
you could add a bit more features. birthmarks scars moles etc,positive,positive,0.5534026622772217,0.025414227,0.4211831,0.55340266
i am using it before <number> years,positive,neutral,0.5013495683670044,0.14318095,0.50134957,0.35546944
like many sites if you visit a chosen hotel more than once or twice the price rises!,neutral,positive,0.7961261868476868,0.023083081,0.18079074,0.7961262
amazing experience so far with this. iam being familiar with it.,positive,positive,0.9153392314910889,0.013517699,0.0711431,0.91533923
doesn't save properly half the time and definitely could use some more filters.,negative,neutral,0.8048518896102905,0.12609635,0.8048519,0.069051795
why is the iphone app so much better!,negative,negative,0.5965000987052917,0.5965001,0.34679246,0.056707464
"browser not opening sites, it just ideal.",negative,neutral,0.7275390625,0.15622269,0.72753906,0.11623829
"continuous crashing, won't even open now.",negative,negative,0.96079421043396,0.9607942,0.032899473,0.006306278
they forced me to rate them so i docked a star.,neutral,negative,0.947790265083313,0.94779027,0.04429773,0.00791204
lame. doesnt work for samsung intercept,negative,negative,0.953070342540741,0.95307034,0.039107308,0.007822267
of mice and man,negative,neutral,0.38092944025993347,0.34496263,0.38092944,0.2741079
only thing missing is custom notification,positive,positive,0.48889243602752686,0.038603403,0.4725042,0.48889244
video cant open after click tha video,negative,negative,0.9409950971603394,0.9409951,0.052080456,0.006924471
weather animation has stopped and will not start. has been off nearly <number> weeks.,negative,negative,0.9080655574798584,0.90806556,0.08274557,0.00918894
"i just came here because this app was featured on silicon valley, looks like a great app with an attractive interface.",positive,positive,0.8435550332069397,0.020446531,0.13599841,0.84355503
it's okay except for i have a lg phone and it doesn't work that well with the lg phone,positive,neutral,0.7895725965499878,0.027059471,0.7895726,0.183368
cannot open or detect image file imported from nikon <number> j <number> camera which has .jpeg <url> i had to convert it first or use another photo app editing and save <url> so lightroom could detect the file <url>,neutral,neutral,0.5395926237106323,0.41729236,0.5395926,0.043115012
having trouble downloading the app,negative,negative,0.5157681107521057,0.5157681,0.44098237,0.043249544
i can't sent it through my messages to my contacts. only through facebook and that is absolutely ridiculous. this app sucks,negative,negative,0.9608556628227234,0.96085566,0.033003744,0.00614062
very quickly reservation done.,positive,positive,0.9050343036651611,0.01947002,0.07549573,0.9050343
<salutation> please give setting to turn it off,negative,neutral,0.4664900004863739,0.18776414,0.46649,0.34574583
fantastic app to track lighting! the rest of the app is the same as any other really. but in fairness i do not use the rest of the app.,positive,positive,0.7652348279953003,0.017246598,0.21751855,0.7652348
service is good but app is not much android oriented,neutral,neutral,0.8305590152740479,0.042048246,0.830559,0.12739281
this app is better,neutral,positive,0.447712779045105,0.1053229,0.44696438,0.44771278
the improvement are a lot better but it would be nice to be able to send large mp <number> or mp <number> files via bbm.,positive,positive,0.5863080620765686,0.01723119,0.39646074,0.58630806
viuggg hang with my life in your help me a lot and then you have any attachments may contain information contained herein including attachments if it would love the way i will have been sent me a new one day i was thinking about my life in your,positive,positive,0.5717117190361023,0.05296558,0.37532273,0.5717117
can't get to work for motorola droid,negative,negative,0.9510038495063782,0.95100385,0.042749166,0.006246978
bad for the aap is hanging,neutral,negative,0.9080631136894226,0.9080631,0.08206037,0.00987649
its really <url> though remove the trial days remaining,positive,neutral,0.6901471614837646,0.1331373,0.69014716,0.17671557
horrible radar. constant storm alerts with no storms around,negative,negative,0.9576635360717773,0.95766354,0.03477883,0.007557565
cool idea pain da butt to use then at times wont work <url>,negative,neutral,0.6763581037521362,0.24005172,0.6763581,0.08359019
new update v <number> . <number> crashes all the time,positive,negative,0.931138277053833,0.9311383,0.061333906,0.007527855
"it's okay (at least, freebies now included) <url>",neutral,neutral,0.6411488652229309,0.019980999,0.64114887,0.33887014
only <number> stars since it will not let me delete any files. please fix.,neutral,neutral,0.7097597122192383,0.065316975,0.7097597,0.22492334
does what it is supposed to do and does it well.,positive,positive,0.84162437915802,0.017177373,0.14119825,0.8416244
"very useful, but has a few annoyances",positive,positive,0.800364077091217,0.010452531,0.18918337,0.8003641
can't download <url>,negative,negative,0.9195403456687927,0.91954035,0.07233502,0.008124687
"generally a good pdf viewer. i love the reading mode that reflow text and adjust font for better reading experience. the only problem, or i should call it a bug, is that it seems like this mode hates to see <number> letters ""f"" & ""i"" being together. for words like ""find"", ""first"", ""prefix"", etc. you will see only ""nd"", ""rst"", ""prex"", etc.",positive,positive,0.8501028418540955,0.010138144,0.13975902,0.85010284
no support for paid ad-free version,neutral,negative,0.8877010345458984,0.88770103,0.09760415,0.014694798
i like this app,positive,positive,0.6720329523086548,0.060371466,0.2675956,0.67203295
used to use it for studying but after reacent update it won't open. please fix,neutral,negative,0.7377997636795044,0.73779976,0.23115912,0.031041132
last update is a disaster,negative,negative,0.8602471351623535,0.86024714,0.12196135,0.017791515
would be better if emoji's didn't disappear when new ones are added,neutral,neutral,0.6494312286376953,0.029552327,0.6494312,0.32101643
good for basic stuff,neutral,neutral,0.5048995614051819,0.019997418,0.50489956,0.47510302
fun but android needs more options!!,neutral,positive,0.5592215061187744,0.017886207,0.42289233,0.5592215
"the usual mediocre bare bone pdf reader from adobe, totally lacking in functionality. repligo reader is better",negative,neutral,0.4918629825115204,0.458452,0.49186298,0.049685035
stays open in background,negative,neutral,0.7017269134521484,0.11135976,0.7017269,0.18691327
it's actually helpful.,positive,positive,0.6416202187538147,0.013293551,0.34508628,0.6416202
good enough and satisfied result <url> its quite good aap,neutral,positive,0.7165448665618896,0.0119627835,0.2714923,0.71654487
why songs are not downloading from the websites. there is always showing error. whenever i download some song. pls fix this bugg,neutral,neutral,0.47961196303367615,0.47251332,0.47961196,0.04787474
booking is simple and straight forward.,positive,positive,0.7467990517616272,0.016405687,0.23679525,0.74679905
"a really good and practical app, however like every other app it still has room for improvement!",positive,positive,0.871207594871521,0.009603471,0.11918889,0.8712076
excellent pdf viewer rendered unusable by the inability to jump to a page and by the fact that it doesn't remember where you were or bookmarks.,negative,positive,0.5069026947021484,0.029541722,0.46355557,0.5069027
good site but still faceing issue with hotel even we confirm through app,positive,positive,0.5111451148986816,0.016285634,0.4725693,0.5111451
it took forever to download,neutral,neutral,0.4561346471309662,0.4364458,0.45613465,0.10741951
i've started using the lightroom camera to take all my photos in raw (dng) and i've noticed today that while out at <number> : <number> on <number> / <number> / <number> and taking pictures the time and date stamp on the images says <number> : <number> <number> / <number> / <number> . what's all that about? i can't change it so where does it get it's info from? also the preview does not show the correct colour. it does when using the slider but as soon as i let it go the image reverts back to a almost black and white.,neutral,neutral,0.7693747282028198,0.13445047,0.7693747,0.0961748
it's cute for younger people but i use it some. i'm <number> yrs old.,positive,positive,0.5532548427581787,0.02122211,0.42552307,0.55325484
"i had login throught google + <url> but i changed my mind and wanted to login through <url> so, i logged out !!! now, i cannot login back. the app is going back to registration page with the option to login to facebook !!! please look into the solution for this !",neutral,negative,0.8843694925308228,0.8843695,0.10255366,0.013076822
please could we have the option to install to sd card. what is the point in having a large sd card if it doesn't even get used,negative,neutral,0.7642500996589661,0.116905555,0.7642501,0.11884433
wont open at all,negative,negative,0.9477830529212952,0.94778305,0.044515543,0.0077013294
good stickers allow users to express better. how come i cannot use bbm calls?,neutral,positive,0.6877985000610352,0.01285619,0.29934525,0.6877985
why pr have no radar????,negative,negative,0.5860029458999634,0.58600295,0.33273372,0.08126329
before it can connect even the signal is weak now it needs more signal to connect,neutral,neutral,0.6920105218887329,0.23481892,0.6920105,0.07317059
radar maps are all wrong,negative,negative,0.9096726179122925,0.9096726,0.080084614,0.010242735
it is fast downloading app,positive,positive,0.8794830441474915,0.01235445,0.10816251,0.87948304
make it a zoo or fish tank,positive,positive,0.6695356369018555,0.03559025,0.2948741,0.66953564
waah!!! so nice app,positive,positive,0.8215367197990417,0.018441955,0.1600213,0.8215367
why pay that price for tablet use,negative,negative,0.77300626039505,0.77300626,0.18450144,0.042492356
good bit doesn't have the choices in search section for type of rooms such as not-smoking or soundproof ones or double-room etc.,positive,neutral,0.7054679989814758,0.020449655,0.705468,0.2740823
too slow at times,neutral,neutral,0.674752950668335,0.12514722,0.67475295,0.20009984
it's very easy to use and all types of format documents easily opened,positive,positive,0.9095017910003662,0.013915044,0.07658318,0.9095018
can not sign in,negative,negative,0.9127064943313599,0.9127065,0.07732518,0.009968331
it makes team communication highly open and accessible,positive,positive,0.9272985458374023,0.013746798,0.058954656,0.92729855
when message is being sent it takes time to be received,neutral,neutral,0.7468854188919067,0.15488306,0.7468854,0.09823149
pretty accurate for the most part i think,positive,positive,0.8730939626693726,0.010194766,0.11671127,0.87309396
spark is about the only good thing,neutral,positive,0.6305436491966248,0.029246325,0.34020996,0.63054365
broke the upload photo feature,negative,negative,0.6357662081718445,0.6357662,0.31715477,0.047079016
best app but suggest download stop,positive,neutral,0.5352109670639038,0.01885668,0.53521097,0.4459324
some hotels are a bit shady,neutral,neutral,0.6858108639717102,0.056628138,0.68581086,0.25756106
its fun to see you're own emoji !,neutral,positive,0.7458817362785339,0.015359219,0.23875909,0.74588174
its not so great as i expected it to be,neutral,neutral,0.6706452965736389,0.04276387,0.6706453,0.2865908
keeps going down n the ads r anoying,negative,negative,0.6776245832443237,0.6776246,0.28894985,0.033425607
it was good enough until i can't change my display picture,negative,neutral,0.7168214917182922,0.05635208,0.7168215,0.22682635
it's a trial. editing feature not impressive.,positive,neutral,0.672455906867981,0.22928603,0.6724559,0.0982581
love it <url> great job <url>,neutral,positive,0.7566074132919312,0.059725553,0.18366703,0.7566074
used to be good,negative,negative,0.7930616736412048,0.7930617,0.18165211,0.02528618
very good and useful app,positive,positive,0.9247139096260071,0.012552197,0.06273393,0.9247139
"the app will no longer let me delete locations. uninstalled, and reinstalled and they are still there. frustrating.",neutral,negative,0.7811493277549744,0.7811493,0.2016385,0.017212119
"buggy, ambigue and less features",negative,neutral,0.7802014946937561,0.07681008,0.7802015,0.1429884
"this has helped my productivity a lot. i've only recently started experiencing issues with it. before, the app used to count extra time i went without using my phone even after the <number> min mark. it was really gratifying to see how much longer i was able to last + it contributed to my forest and my overall focus count. but now it isn't doing that? so it kind of discourages me from continuing to work past the sound of the timer even if i feel like i could. if it's possible, please do something about that.",neutral,positive,0.691219687461853,0.023509702,0.28527063,0.6912197
"zooming slow, okay otherwise",neutral,neutral,0.7830533981323242,0.032135665,0.7830534,0.18481101
"fix zoom in attached images! it doesn't work first <number> seconds the image open, and for gif it doesn't work at all. and is that tat hard to add rotation you've ""planned to add"" a year ago? where's a font size setting or guesture scale sor chat?",neutral,negative,0.5774114727973938,0.5774115,0.39199182,0.030596683
when will the local adjustments tool be disponible for android users?? hope it's included on the next actualization !!,positive,neutral,0.5749920010566711,0.043511048,0.574992,0.38149697
just started using it !,positive,negative,0.7950952649116516,0.79509526,0.17963013,0.025274603
so cute. wish it were easier to access via other apps,positive,positive,0.6766893267631531,0.02802593,0.29528475,0.6766893
really like the way this app has evolved from it's first version. please add android wear notification service asap. its really easy to add and people are badly missing it.,positive,positive,0.8099942207336426,0.02397496,0.16603082,0.8099942
"good on mobile devices ,simply good on move",positive,positive,0.6776439547538757,0.012286694,0.31006935,0.67764395
need to avoid unwanted ads and also enhance the downloading speed. overall nice app.,positive,positive,0.8312537670135498,0.010345923,0.15840034,0.83125377
"i really like this app and is what i go to when i start loosing concentration. i wish there were more stats and plant types, also more beautifully animated and things that change <url>",positive,positive,0.9103427529335022,0.0157617,0.073895514,0.91034275
was <url> now radar broken,negative,negative,0.9226740002632141,0.922674,0.065786175,0.0115399
booking bait and switch,negative,negative,0.9277518391609192,0.92775184,0.05966283,0.012585355
this seems like it would be cool,negative,neutral,0.6286462545394897,0.02297443,0.62864625,0.3483793
cannot see my photo's on device,negative,neutral,0.5656204223632812,0.394016,0.5656204,0.04036358
so far so good!! i love it.,positive,positive,0.8517192006111145,0.0348006,0.11348019,0.8517192
"such an intrusive browser, coming from china. it can't be trusted with your online activities. indians, be aware.",negative,negative,0.8464234471321106,0.84642345,0.13696183,0.016614782
hi i download this app he is the very good app,positive,positive,0.8171975612640381,0.024784528,0.15801789,0.81719756
where is the download process,positive,neutral,0.5890483856201172,0.107440256,0.5890484,0.30351138
brill so easy to use,positive,positive,0.8337413668632507,0.020203125,0.14605549,0.83374137
the app isn't working on the note <number> . i'll update my review if/when it works.,negative,negative,0.8519306778907776,0.8519307,0.13519345,0.012875816
"""you have cancelled your entire <url> ""???",negative,negative,0.9319586157798767,0.9319586,0.057018097,0.011023304
it good for local german reports nearly as good as <url>,positive,positive,0.5518034100532532,0.015237124,0.43295944,0.5518034
does what i need it to,neutral,positive,0.7868748307228088,0.020522619,0.19260259,0.78687483
it's good for communication,neutral,positive,0.6415019035339355,0.013061657,0.34543642,0.6415019
it sometimes sends the wrong <url>,neutral,negative,0.5828909277915955,0.5828909,0.3755794,0.041529678
please add the feature of sharpen and blur,neutral,positive,0.5773400068283081,0.02267316,0.3999869,0.57734
notifications aren't working???,positive,negative,0.5959128737449646,0.5959129,0.3603123,0.04377478
lag while zoom in/out,positive,neutral,0.681347668170929,0.07680398,0.68134767,0.24184836
had some slowness issues?,positive,neutral,0.7042116522789001,0.12578991,0.70421165,0.16999848
awesome app one of the <signature>,positive,positive,0.9029941558837891,0.015681872,0.081323996,0.90299416
it does great and gives accurate weather information,positive,positive,0.9167372584342957,0.010370675,0.07289212,0.91673726
bogus . there are several aps much useful,negative,neutral,0.717751145362854,0.07444495,0.71775115,0.20780392
'no notifications' doesn't work.,negative,negative,0.9425745606422424,0.94257456,0.049786717,0.0076387497
great app for managing hotel reservations on the go. it's also nice to earn rewards for frequent stays. i think this is the <signature>,positive,positive,0.9240676760673523,0.011511685,0.064420655,0.9240677
app keeps crashing. unable to open after latest update.,positive,negative,0.9581092596054077,0.95810926,0.035292767,0.006598013
always update but nothing improve,neutral,neutral,0.8025197982788086,0.0799664,0.8025198,0.11751371
"great concept, poor implementation",neutral,negative,0.7609583735466003,0.7609584,0.21658419,0.022457438
contact picture not show.,negative,neutral,0.7565949559211731,0.153659,0.75659496,0.08974603
canon cr <number> support please,neutral,positive,0.4602959454059601,0.11836441,0.42133966,0.46029595
this thing is a trap! it will take your money,negative,negative,0.9568274021148682,0.9568274,0.03497057,0.008202004
"the icon re-design is a tremendous eye-sore more fit to be the face of a pharmaceutical firm, and they didnt put any extra effort into making the app on any of the platforms, leaving gaps in design. no dark mode, no voip, no collapsing the sidebar on ios or windows. i use it because my friends do.",negative,neutral,0.6754196286201477,0.21728685,0.6754196,0.10729351
"just need an option to mute notifications (some of us work different timezones and like sleep), other than that it works pretty well!",positive,positive,0.57389897108078,0.015322514,0.41077855,0.573899
good for net work download,positive,positive,0.5361121296882629,0.014558809,0.44932902,0.5361121
i want this feature,positive,positive,0.544895589351654,0.042706132,0.41239828,0.5448956
content rating: low maturity,positive,neutral,0.6467180848121643,0.30198652,0.6467181,0.0512954
this application doesn't work in my handphone,negative,negative,0.9588559865951538,0.958856,0.034841284,0.006302749
slack chat is good,positive,neutral,0.5471356511116028,0.024966436,0.54713565,0.42789796
i find the user experience superior to other apps.,positive,positive,0.6852899193763733,0.030375628,0.28433445,0.6852899
"great app, needs better ui on reviews",neutral,positive,0.8961369395256042,0.015806386,0.08805668,0.89613694
great new camera in-app,positive,positive,0.8475327491760254,0.035225507,0.11724178,0.84753275
would be <number> <url>,negative,neutral,0.5119912028312683,0.047127157,0.5119912,0.44088167
it's a good application,neutral,positive,0.734839677810669,0.010628097,0.25453222,0.7348397
"five star service, two star app",negative,positive,0.6003633141517639,0.11386175,0.28577498,0.6003633
everytime my phone went on sleep it killed the tree and became completely pointless because i would've had to tap my phone every <number> seconds to keep it from locking and killing the tree.,negative,negative,0.9660233855247498,0.9660234,0.027358238,0.006618462
bbm isnt the <signature>,neutral,neutral,0.5633875727653503,0.3252114,0.5633876,0.111401
can you please give a little speed more on download,neutral,neutral,0.5146850347518921,0.018374003,0.51468503,0.46694103
need support for .cr <number> format,positive,neutral,0.7526739239692688,0.07532264,0.7526739,0.17200345
"unecessarily complicated and cumbersome. it's so difficult to create new workspaces and move people from one to another. if you don't have someone's email address memorized, good luck! this app has a long way to go to be truly useful every day. in addition to the above, notifications are a bit of a nightmare. i've missed out on a lot of critical messages because notifications just don't work when they need to. i've run out of room for feedback but i could go <url>",negative,neutral,0.6876659989356995,0.25602376,0.687666,0.056310225
i'm surprised hdr is not supported on the huawei nexus <number> p. i realize it is isn't as new as the pixels but it's still a pretty fast phone.,neutral,positive,0.550194501876831,0.020387897,0.4294176,0.5501945
where is the bookmarks?,neutral,neutral,0.4436816871166229,0.43857986,0.4436817,0.117738545
"love this app, developers have been brilliant at fixing bugs and the feedback system is great!",neutral,positive,0.895851731300354,0.021060538,0.08308774,0.89585173
i want to give this app <number> <url>,negative,negative,0.9350957274436951,0.9350957,0.0557669,0.009137422
cant even sign in or sign up,negative,negative,0.9625647068023682,0.9625647,0.030491402,0.0069438852
"very nice weather app. would like to see more detail on air quality, pollen, etc",positive,positive,0.9154745936393738,0.010721631,0.073803775,0.9154746
simple to use. nice option to search via map,positive,positive,0.8592976331710815,0.010199906,0.13050243,0.85929763
what a huge step backwards for useability.,negative,positive,0.8210441470146179,0.032245547,0.14671034,0.82104415
it is what it is!,neutral,neutral,0.367403507232666,0.27563322,0.3674035,0.35696328
"+pinch zoom, +++reflow text, --render speed on scroll, ---should find all pdf including dowloaded by browser, --no search, ---no images in reflow",negative,negative,0.5700507760047913,0.5700508,0.40136763,0.028581576
this app keeps killing my tree whenever i off my <url> this is so bad. i ended up kore time restarting the timer.,negative,negative,0.9591501355171204,0.95915014,0.034669,0.006180844
website offers better and more search options.,negative,positive,0.6604604721069336,0.037857074,0.30168247,0.6604605
i love this browser,positive,positive,0.6224912405014038,0.15263057,0.22487819,0.62249124
not always perfectly accurate. i like the hourly forecast.,positive,positive,0.49897873401641846,0.022185931,0.47883537,0.49897873
mobile notifications not working,neutral,negative,0.791724443435669,0.79172444,0.1873245,0.020951036
cannot unlock password protected ebooks. can't even interact with links or buttons. worthless for password protected ebooks.,negative,negative,0.9587444067001343,0.9587444,0.03435677,0.0068988027
this app is an nice good for everything i need but they are problems u must fix,positive,positive,0.6338504552841187,0.015805855,0.3503437,0.63385046
getting worse than before,neutral,negative,0.7887422442436218,0.78874224,0.18984826,0.02140953
it's easier and efficient,positive,positive,0.8360193371772766,0.011653051,0.15232764,0.83601934
"what the mobile developers do not understand is: do not ever ever change the application icon! the icon shape and color are used to quickly identify an app between other dozen apps. that's how the brain works! moreover, an update only for the app icon? where is the video recording option? i use slack daily (it's the main chat / video conferencing solution where i work) and you can simply cannot record meetings!",negative,negative,0.5788978934288025,0.5788979,0.37857047,0.042531613
"cute and accurate, but no long hair",neutral,positive,0.5846123099327087,0.018548978,0.39683867,0.5846123
used to work. not anymore,negative,negative,0.9311438798904419,0.9311439,0.05990049,0.008955666
an outstanding way of communication with the team.,positive,positive,0.9277735948562622,0.014303709,0.057922635,0.9277736
internet is better than this because,neutral,positive,0.5160753130912781,0.05777843,0.4261463,0.5160753
"sucks. force close, pdf never opens. htc hero.",negative,negative,0.9604285955429077,0.9604286,0.03255336,0.007018009
"i like it just wish tht we had more choices for the avatar and the body shapes were more womenly, besides that i think it's great!",neutral,positive,0.8472033143043518,0.011409905,0.14138684,0.8472033
was great when it worked,negative,negative,0.5621001124382019,0.5621001,0.35818225,0.07971761
update has ruined functionality. now difficult to search rooms for <number> people etc. terrible terrible terrible!,negative,negative,0.9651061296463013,0.9651061,0.028013863,0.006880014
would like it better if you could use this app in fb <url>,neutral,neutral,0.5736981630325317,0.022631215,0.57369816,0.40367067
great app with potential.,positive,positive,0.9051355719566345,0.01902088,0.07584362,0.9051356
handles small pdf files really well. needs bookmarks.,neutral,positive,0.5132818818092346,0.019170428,0.4675477,0.5132819
why not a mobile web version ??!!?!,negative,neutral,0.4764378070831299,0.38007522,0.4764378,0.14348696
"i love this app, the ui is nice and smooth, no bugs what-so-ever, and it knows when i press the home button and enter another app. (turn on advanced something in the settings) looks very smooth, and it works as it should! the problem is, i can't lock my phone without killing the tree, and it wastes the battery. that's pretty much my only complaint! (i'm fairly new to the app, and i heard that when your forest gets full, that you can't put in anymore trees. if so, please let the forest expand as well.)",positive,positive,0.8461636304855347,0.014290419,0.13954598,0.84616363
i was addicted to game and other stuff my personal work ratio was too down and this app really help <url> !,positive,positive,0.785814106464386,0.04179798,0.17238787,0.7858141
stuck in update mode,negative,negative,0.7803940176963806,0.780394,0.20027068,0.019335283
while downloading music it goes to play store .,neutral,neutral,0.6377819776535034,0.28839952,0.637782,0.073818535
can't append it to sd card when updated in htc wildfire,negative,neutral,0.5903269052505493,0.36426917,0.5903269,0.045403894
free emoticons are <url> good,neutral,neutral,0.5587658882141113,0.021706985,0.5587659,0.41952717
"i could plant the tree while watching youtube , no different than clash of clans",negative,positive,0.4562300145626068,0.109169275,0.43460074,0.45623
bbm cant connect properly,negative,negative,0.8390735983848572,0.8390736,0.14573327,0.015193165
"it would be cooler if you could mix and match the pants, shoes, shirts, jackets, etc. instead of having to choose from predetermined outfits. i want to make my own outfit!",positive,neutral,0.5219408869743347,0.027096197,0.5219409,0.45096293
"works fine, too many ads",positive,positive,0.7603899240493774,0.02365665,0.21595342,0.7603899
they okay good on the <number> day forecast.!,neutral,positive,0.5152124166488647,0.017727105,0.46706045,0.5152124
"when it works, it's good. but far too many crashes on my galaxy tab s <number> .",neutral,neutral,0.6781238317489624,0.018627696,0.67812383,0.30324844
terrible it now no longer works the way it used to. it was the <signature>,negative,negative,0.9649974703788757,0.9649975,0.028152935,0.0068496135
push notifications not reliable,positive,neutral,0.7596293091773987,0.1622802,0.7596293,0.078090474
went out and can't access it ny more. what happened. says i have <number> go thru fb or my email and i have <number> sign up and in wen i've been using it <number> the past <number> months. what happened!,neutral,negative,0.9525798559188843,0.95257986,0.041387428,0.0060326997
to set a profile picture is very frustrating as the current set up/method cuts out most of the picture. this really should be adjusted.,neutral,neutral,0.7212722897529602,0.18505654,0.7212723,0.093671136
i liked <url> this is very useful,positive,positive,0.7986331582069397,0.016537515,0.18482935,0.79863316
if your not using this to book your loosing out,neutral,negative,0.7780724167823792,0.7780724,0.1759608,0.045966793
"the app keeps asking me to rate it despite me constantly telling it ""no"" so i'm rating it <number> star out of spite and partially because they don't actually follow the choices they give you.",negative,neutral,0.6024497747421265,0.2990971,0.6024498,0.09845311
"uc browser is a fantastic browser application. the team behind the creation of this application have all done a wonderful job. keep it up as you continue to improve upon this great application. however, i wish to suggest that option to be able to send applications in speed mode { facebook, twitter etc} to phone desktop/home screen be incorporated into this application. secondly, make it possible to be able to select and set desired audio file as alert tones for applications like facebook etc. we therefore look forward to seeing these options in your next update sir. <signature>",neutral,positive,0.8848327398300171,0.014828754,0.10033855,0.88483274
"battery drain, battery drain, battery drain",negative,negative,0.8422006368637085,0.84220064,0.14410701,0.013692348
won't open raw files,negative,negative,0.935798704624176,0.9357987,0.056681734,0.0075194817
force closes on samsung moment w/android v <number> . <number>,negative,negative,0.8214185237884521,0.8214185,0.14975181,0.028829608
not as good as desktop app .too slow while navigaring to different channels amd personal chats.,neutral,neutral,0.6418470144271851,0.31054145,0.641847,0.047611557
weather is nice and shows precipitation also,positive,positive,0.7079576253890991,0.015963411,0.27607897,0.7079576
"won't let me add locations, other than that, works well.",neutral,neutral,0.7883923649787903,0.05545751,0.78839236,0.1561501
note <number> <url> of nov <number> th.,negative,neutral,0.5434710383415222,0.21558797,0.54347104,0.24094097
rooms sold not always available,neutral,negative,0.5265235304832458,0.52652353,0.4162654,0.05721108
please add a feature!,neutral,positive,0.693114161491394,0.02217575,0.28471014,0.69311416
so many ads r coming i hate this app,negative,negative,0.951472282409668,0.9514723,0.041758765,0.0067689223
it does what it's supposed to.,positive,neutral,0.5052129626274109,0.026480319,0.50521296,0.46830666
it really sucks that disabling wysisyg in the settings does not work. i want my input freedom.,negative,negative,0.8726820349693298,0.87268203,0.11689179,0.010426145
it's a decent app,positive,positive,0.591945469379425,0.014021737,0.39403278,0.59194547
have issue on redmi note <number>,neutral,neutral,0.553425669670105,0.3565066,0.55342567,0.090067714
"i would give it <number> , but it keeps stopping when converting text to pdf",positive,neutral,0.791551947593689,0.054218765,0.79155195,0.15422922
very good for me,positive,positive,0.9000935554504395,0.018604618,0.081301875,0.90009356
"app whitelisting doesn't work, everything works fine when whitelisting is turned off (tree withers when i exit the app) but when it's on, i can access any app without the tree dying, not just the whitelisted ones. i've also turned on the advanced detection mode, does not help.",neutral,negative,0.5371508002281189,0.5371508,0.4300273,0.032821905
"this ""use"" to be the greatest weather app right up until <url> latest update froze radar animation and i don't get alerts until i open the app. deleting and going to find a better app.",negative,negative,0.8291416168212891,0.8291416,0.14682646,0.024031932
"it does its job, but asking each time to rate the app is infuriating",neutral,neutral,0.7482250928878784,0.14467706,0.7482251,0.10709785
my weatherbug now tells me im <number> towns away. reported <url> they told me i was dumb basically.,negative,negative,0.6863824725151062,0.6863825,0.27611282,0.037504703
crude humor supports the deteriorating morals of society. not acceptable,negative,negative,0.743417501449585,0.7434175,0.23607133,0.020511199
after installed the browser <url> phone will hang and some unwanted program to be automatically <url> will affect on <url>,negative,negative,0.9295145869255066,0.9295146,0.061568294,0.008917027
some update or something makes this wonderful app crash. please remedy the issue!!!,neutral,positive,0.8524168729782104,0.01946553,0.12811756,0.8524169
love it but easy on the ads pls,positive,positive,0.7146758437156677,0.017154694,0.26816946,0.71467584
"for all those whose trees are not withering, turn off whitelist mode",neutral,neutral,0.5415468811988831,0.28319532,0.5415469,0.17525774
"i really enjoy this app, it's been quite helpful. however, though it counts the time you exceed the preset goal you don't get any extra trees/bushes. this means that i sometimes go over my time focus goal, but only see one lonely tree for my efforts. good bit of a bummer. otherwise, love the app.",positive,positive,0.8367695212364197,0.011411864,0.15181859,0.8367695
not as accurate at weather channel but i like that i can choose the radar location.,positive,positive,0.6456799507141113,0.014998974,0.33932105,0.64567995
i prefer the blackberry version to the android version. or maybe i've not discovered all the tricks here.,neutral,neutral,0.5245057344436646,0.05365521,0.52450573,0.42183903
great! so much potential!,positive,positive,0.8620149493217468,0.029003954,0.10898111,0.86201495
can't use bbm after update,negative,negative,0.5401487350463867,0.54014874,0.42125747,0.038593818
on getting the latest update the app stopped working all of a sudden. i use samsung galaxy s <number> . please see what has gone wrong. i tried reinstalling the app too. didn't work.,negative,negative,0.9502865672111511,0.95028657,0.042740263,0.0069731353
very very slow even on nexus one,negative,negative,0.8126708269119263,0.8126708,0.17072631,0.016602803
like the old version better,positive,neutral,0.5300952792167664,0.11901799,0.5300953,0.3508868
stop asking me to rate every time i launch the app.,negative,negative,0.6671496033668518,0.6671496,0.29084405,0.04200642
lots of force closes on galaxy s.,negative,negative,0.7475109100341797,0.7475109,0.22656465,0.02592443
needs more of the core lightroom features,neutral,neutral,0.6980993747711182,0.045153145,0.6980994,0.2567475
"great app, just a few things that need addressed. i can no longer ""purchase"" additional trees and i have the $. it says forbidden after taking a while to load. i've uninstalled and reinstalled, running on the most current app and android os <number> . <number> , droid turbo <number> .",neutral,positive,0.5436528325080872,0.07104641,0.38530073,0.54365283
please add live radar widget!,positive,negative,0.6089234352111816,0.60892344,0.3290574,0.062019154
can't quickly link to specific page or bookmark. sucks. quick office is much better for reading pdfs.,negative,negative,0.914450466632843,0.91445047,0.07704339,0.008506079
it dose not let you do anything,negative,negative,0.8600695729255676,0.8600696,0.12170224,0.018228162
hourly doesn't match the <number> day,neutral,negative,0.762969434261322,0.76296943,0.21555963,0.02147091
it's a good app,positive,positive,0.6730694770812988,0.011226909,0.31570363,0.6730695
good app edit picture,positive,positive,0.6005621552467346,0.014444621,0.3849932,0.60056216
can't bookmark the page! it's hard to read an e-book and remember the page number. i will delete.,negative,neutral,0.507397472858429,0.45915636,0.5073975,0.03344615
use for fast download,positive,positive,0.7119408249855042,0.022754002,0.2653052,0.7119408
used to be the <signature>,negative,negative,0.7755393981933594,0.7755394,0.19514263,0.02931794
better than most. quick and easy,positive,positive,0.8964126706123352,0.010488294,0.093099065,0.8964127
"not fast in sending and receiving messages, the app needs to be worked on.",negative,neutral,0.6110080480575562,0.3506278,0.61100805,0.038364183
local adjustment not appearing,positive,neutral,0.8022171854972839,0.093316585,0.8022172,0.104466215
used to be great,negative,negative,0.8344478011131287,0.8344478,0.1447278,0.020824352
just got it <url> fingers crossed,neutral,neutral,0.5516626834869385,0.22833325,0.5516627,0.2200041
best pic editing <url>,positive,positive,0.872875452041626,0.016242357,0.1108822,0.87287545
no bookmark or jump page. doesnt remember where i was when closed,negative,negative,0.7513662576675415,0.75136626,0.22909707,0.019536668
"good. only complaint is that sometimes the location on my lock screen is not my current location, but a random one from my saved places.",positive,positive,0.5498549938201904,0.013106298,0.4370387,0.549855
for the older version,neutral,neutral,0.5035760402679443,0.30334505,0.50357604,0.19307888
"this app is pretty good, but i wish i could use this in my normal keyboard and i hope that it will be animated and have a transparent background",positive,positive,0.6861647367477417,0.011581138,0.30225417,0.68616474
it's very accurate and good,positive,positive,0.9075115323066711,0.009267193,0.083221346,0.90751153
loved it till i got a new phone,negative,negative,0.4550642967224121,0.4550643,0.42904958,0.11588607
works ok but crashes when i rotate my archos <number> .,neutral,neutral,0.8060432076454163,0.03866434,0.8060432,0.15529245
bloats <number> megs needs to be movable to <url>,negative,negative,0.47293558716773987,0.4729356,0.46049914,0.066565305
shares the way it wants without permission,negative,neutral,0.6407917737960815,0.21482518,0.6407918,0.144383
external storage for cache,neutral,neutral,0.6824064254760742,0.068323836,0.6824064,0.24926981
the radar map is practically useless now,negative,negative,0.9645034670829773,0.96450347,0.028282173,0.007214382
will not select the correct current location.,negative,neutral,0.7660191059112549,0.1664794,0.7660191,0.06750148
cant edit my avatar and cant log in!!,negative,negative,0.960412859916687,0.96041286,0.03343379,0.0061534396
this is worse than what we call pathetic when it comes to mobile app.,negative,negative,0.9585886001586914,0.9585886,0.034806177,0.0066051683
updated to make it worst,negative,negative,0.951129674911499,0.9511297,0.04082912,0.008041153
the trees do not die when i leave the app which is what the app was supposed to do should i have left the app to use other apps like ig or youtube,negative,negative,0.7889525294303894,0.7889525,0.1738731,0.03717435
new version is a major step back,negative,positive,0.5980485081672668,0.092806995,0.3091445,0.5980485
awesome and secure app,positive,positive,0.9166239500045776,0.0155420005,0.06783404,0.91662395
awful app. really awful.,negative,negative,0.9628350734710693,0.9628351,0.02941341,0.007751511
would rate <number> <url>,negative,neutral,0.5223733186721802,0.047222793,0.5223733,0.43040386
"makes an incredibly annoying and loud clicking sound through the speakers whenever you take a photo, with no ability to disable it.",neutral,neutral,0.5404894351959229,0.38478327,0.54048944,0.07472728
it's nice but some problems r there,neutral,neutral,0.5262641310691833,0.015425026,0.52626413,0.45831087
have used it for years,positive,positive,0.7636916041374207,0.07144497,0.16486342,0.7636916
hope it supports split screen,positive,neutral,0.6079481244087219,0.025323305,0.6079481,0.3667286
good app to <url> i alwayz prefer uc browser to <url>,positive,neutral,0.5626877546310425,0.021947002,0.56268775,0.4153652
some issues but otherwise excellent,positive,positive,0.5518150329589844,0.014162348,0.43402258,0.55181503
"this app is great, allows you to edit raw files, and almost has all the same options as a desktop/laptop version. the only thing i would really love to see is a brush setting, really all it needs for <number> stars in my books!",positive,positive,0.875576913356781,0.018177975,0.10624514,0.8755769
basic stuff done well,neutral,positive,0.7440689206123352,0.021929717,0.2340014,0.7440689
unfriendly to free users,negative,negative,0.9526453018188477,0.9526453,0.039906185,0.0074484027
crashed my phone twice in a row doing nothing more then trying to read a <url>,negative,negative,0.9520109295845032,0.9520109,0.041140758,0.006848303
has become unreliable and very inaccurate. loved it and now will get rid of because of terrible forecasts.,negative,negative,0.9549365043640137,0.9549365,0.03885882,0.006204723
still no group contacts like old bbm,negative,neutral,0.6884667277336121,0.16801447,0.6884667,0.14351879
"slow loading, double notifications",neutral,neutral,0.7355574369430542,0.176536,0.73555744,0.08790659
i love this app but sometimes it is really lagging.,positive,neutral,0.591582179069519,0.049517367,0.5915822,0.35890043
freezes when opening pdfs. useless. root droid <number> . <number>,negative,negative,0.9607456922531128,0.9607457,0.032079052,0.0071752896
"really nice app ,with grt way to analyse yr productivity",positive,positive,0.8771594166755676,0.010081115,0.112759426,0.8771594
great but one major problem,positive,positive,0.8057267665863037,0.020746965,0.17352632,0.80572677
this program needs to be able to jump to specific pages in the pdf. i have a <number> page set of blueprints in need to access multiple times daily. fix,negative,neutral,0.749049961566925,0.124987714,0.74904996,0.12596232
something went wrong before i could access this app. immediately <url> viruses needed.,negative,negative,0.8215913772583008,0.8215914,0.15989426,0.018514385
last update problem when search number adults,negative,neutral,0.644085168838501,0.25395465,0.64408517,0.10196021
very good app very easy,positive,positive,0.9200137257575989,0.011656012,0.06833023,0.9200137
it's good app and doesn't contain virus,positive,neutral,0.7807661890983582,0.030497858,0.7807662,0.18873598
please add widgets for slack,positive,positive,0.6919253468513489,0.021394908,0.2866798,0.69192535
add hdr support for htc <number> please!,neutral,positive,0.6240457892417908,0.023763837,0.35219035,0.6240458
"suddenly it's killing all my trees it's was working perfectly, but now i keep getting a ""unknown app'",negative,neutral,0.650202751159668,0.24314208,0.65020275,0.10665511
well <url> you need access to my files and my camera ? looks like an insecure joke. i 'll install once we are back to serious.,negative,neutral,0.6670898199081421,0.2533866,0.6670898,0.07952351
this app is <url> not as expected,negative,negative,0.48711690306663513,0.4871169,0.45864853,0.05423459
please add remind me option,neutral,positive,0.6563526391983032,0.022126585,0.32152075,0.65635264
"original user interface, very usable.",positive,neutral,0.6230375170707703,0.056410097,0.6230375,0.32055247
i use this site for booking over night stays when going on holiday. good hotel and great staff.,positive,positive,0.9095860123634338,0.011879993,0.07853402,0.909586
can't access my account,negative,negative,0.956975519657135,0.9569755,0.037278373,0.005746117
very useful to find non-chain hotels--saving lots of money when all you need is a clean room and a servicable bed.,positive,positive,0.9140202403068542,0.011018377,0.07496141,0.91402024
"love it, something for almost every occasion!",positive,positive,0.8808615803718567,0.028896283,0.09024207,0.8808616
doesn't format text correctly,neutral,neutral,0.6945768594741821,0.25135407,0.69457686,0.054069094
"despite all these new pdf readers, this app provides very good benefits",positive,positive,0.8919689059257507,0.01141314,0.09661799,0.8919689
love it but hate it,neutral,neutral,0.5775522589683533,0.1699647,0.57755226,0.25248307
great application. efficient way to browse and book accommodation.,neutral,positive,0.9186524748802185,0.012617385,0.06873011,0.9186525
great mutch eadier than website. quick and convenient,positive,positive,0.9019684791564941,0.011196583,0.08683491,0.9019685
excellent. not needing any permissions is cool.,neutral,positive,0.8323436379432678,0.010094368,0.15756199,0.83234364
"works pretty good, nice to finally have this on android.",positive,positive,0.8745882511138916,0.009577583,0.11583412,0.87458825
to boring and to many adds,negative,neutral,0.5929113626480103,0.17330517,0.59291136,0.23378348
reply from notification and remove bbm channels,neutral,neutral,0.6189011335372925,0.23919164,0.61890113,0.14190719
love the app but current temperature doesn't stay in the notification bar even though i have it set to go the settings. please fix. i have to constantly open the app for current temp.,positive,positive,0.7835031747817993,0.019463548,0.19703326,0.7835032
i like it . works great,neutral,positive,0.9066601395606995,0.015942218,0.07739771,0.90666014
it's good for documents viewings and managing.,positive,positive,0.7987844944000244,0.011159632,0.1900558,0.7987845
it's good but not too much <url> it's working well,positive,neutral,0.5311996936798096,0.016063038,0.5311997,0.45273718
pic porn on ads,negative,negative,0.7933281064033508,0.7933281,0.1849263,0.02174564
dope! i wish there was a batch deletion feature.,positive,negative,0.7486240267753601,0.748624,0.22504364,0.026332246
"worked great for years but now it double posts everything i send on my chromebook. love it on every other <url> iphone, mac. i hope this is fixed in the next <url> !",neutral,positive,0.8292482495307922,0.026716635,0.14403513,0.82924825
"sering error, but it's fine. still working",positive,neutral,0.5520575046539307,0.021473167,0.5520575,0.42646933
full of bugs. i can claim the reward but my coins doesn't increase at all????,negative,negative,0.6591995358467102,0.65919954,0.3016432,0.039157253
reliable when signal is good,positive,positive,0.5096279978752136,0.015611031,0.47476098,0.509628
love it and hate it.,neutral,negative,0.6923465728759766,0.6923466,0.22224276,0.08541066
would be good if you could delete after finished!,neutral,neutral,0.6425023078918457,0.025212683,0.6425023,0.33228502
works for me. only one i ever use.,positive,positive,0.7797586917877197,0.03816819,0.1820731,0.7797587
error <url> do not work. i'm having <number> . <number> . <number> <url> still not working .,negative,negative,0.9462223052978516,0.9462223,0.047315866,0.006461863
it is very good but it needs more options on the facial features and the body motifications,positive,positive,0.777396559715271,0.0106963515,0.21190713,0.77739656
takes up <number> percent of the <url> saves everything u <url> good for a <url> have motorola droid.,negative,neutral,0.6495220065116882,0.25946668,0.649522,0.09101136
nice <url> was using this <url> information for news and latest updates,neutral,positive,0.5840819478034973,0.08347656,0.33244157,0.58408195
"the whitelist doesn't <url> no matter what i do, my tree dies.",neutral,negative,0.8003339171409607,0.8003339,0.17219988,0.027466172
"good app, but lacking android wear (and thus pebble) support. i prefer google hangouts to slack because of this missing functionality.",neutral,neutral,0.8248007297515869,0.039447274,0.8248007,0.13575196
great but too much phone access,neutral,positive,0.6745516061782837,0.026760371,0.29868796,0.6745516
if you can't offer better pricing you're useless,negative,negative,0.9300385117530823,0.9300385,0.058082078,0.0118794115
seriously your ad blocker never works everytime i go to movies site pop up ads pop ups every second very irritating don't <url> u will never get good surfing experience,negative,negative,0.9091833829879761,0.9091834,0.081351504,0.009465098
minimize category and bbm group user friendly,positive,neutral,0.5728851556777954,0.04595799,0.57288516,0.38115683
it doesn't save the last page you were on. it's annoying.,neutral,neutral,0.7859741449356079,0.11374617,0.78597414,0.10027964
please add something which shows you how long you've worked for each day and maybe a graph for comparing different working times,neutral,positive,0.8041220307350159,0.01550486,0.18037315,0.80412203
not bad better than other,positive,neutral,0.6504151225090027,0.047566522,0.6504151,0.30201834
i like the radar and spark. i work outside so that helps. the temp though? <url> but i guess that's what you get when trying to predict the actions of the most volatile woman in existence. mother nature of course.,neutral,positive,0.8237285017967224,0.019952277,0.15631923,0.8237285
why it is asking to download uc browser when i am going to download song and i don't want to download uc browser,negative,negative,0.8397202491760254,0.83972025,0.14440867,0.015871087
"awesome app!! it helps me a <url> i think it will be better if it had a <url> like we can time when it will start <url> sometimes i like to use my phone a lot. like before bed or using my phone at <url> smting like that. if you had the timer, we can set our work time so we would not play phones at certain <url> but still this app is great!!",positive,positive,0.8913291692733765,0.014579835,0.094091006,0.89132917
good app but <url>,neutral,neutral,0.6290647387504578,0.02401095,0.62906474,0.3469243
does the job it aims to do,neutral,positive,0.8422331809997559,0.02329438,0.13447244,0.8422332
ridiculous. why the hell i cannot move it to memory card?,negative,negative,0.9568854570388794,0.95688546,0.03527956,0.00783498
download error problem network gone after network connected again donwload doesn't resume,neutral,negative,0.8829710483551025,0.88297105,0.102812976,0.014215998
"i would give this app more stars if it weren't for the inability to get an overview of the total number of hours sunk into each tag rather than just a percentage, extend the amount of time you want on the fly and to filter by multiple tags vs either only one or all at the moment.",neutral,positive,0.6262070536613464,0.02040543,0.3533875,0.62620705
"its cool, i love it",neutral,positive,0.7313770055770874,0.025176367,0.24344668,0.731377
warning. bad apps. this apps cheat ur money on cancelation,negative,negative,0.9595330357551575,0.95953304,0.03431417,0.006152822
please fix!! then <number> stars,negative,neutral,0.5034482479095459,0.20102136,0.50344825,0.2955304
it's ok this apps,positive,neutral,0.7197680473327637,0.027143806,0.71976805,0.25308818
please add support for links inside pdf! great app but i really miss that feature!!,neutral,positive,0.8650338053703308,0.0148901455,0.12007608,0.8650338
weatherbug was better <number> years back than it is now. i do not like the last few updates. the maps not as good especially showing cloud cover with storms or without. the layers is really sib par from the way it was. now for the last <number> days its shutting down for no reason,neutral,neutral,0.5043838620185852,0.44079927,0.50438386,0.054816883
uc helpful but it's have many bad <url>,positive,neutral,0.5747684240341187,0.022425752,0.5747684,0.40280584
it tells me what i need to know,positive,positive,0.8318300843238831,0.013848268,0.15432169,0.8318301
addicted to phone? this is the app,positive,negative,0.7378183007240295,0.7378183,0.21160279,0.050578933
works well but beware the enormous memory use for data. if this could be stored on sd card then i would give <number> stars. as it is may have to uninstall.,neutral,neutral,0.6645053029060364,0.022861179,0.6645053,0.3126335
nice app for viewing documents!!! have been using it since many years!,positive,positive,0.9179062247276306,0.010437612,0.07165615,0.9179062
doesn't have a logout option,positive,neutral,0.7046620845794678,0.23931476,0.7046621,0.056023188
enlarge capacity for sending video,neutral,neutral,0.6258245706558228,0.06605825,0.6258246,0.30811718
"it needs to have color, hairstyles and have character friends we pick on the lists to be in emojis too. plus can we have clothes come from video games and movies. plz",positive,positive,0.6835655570030212,0.02180159,0.29463285,0.68356556
excellent considering all i want is pdf reader. but confused why such a basic thing like bookmarks is missing! the page nav good but never accurate,neutral,positive,0.5443364977836609,0.016797287,0.43886623,0.5443365
very funny! it crashes in my s <number> edge+,negative,neutral,0.5399163365364075,0.33559543,0.53991634,0.12448824
cant book in alantic city nj,negative,negative,0.7490856647491455,0.74908566,0.22828467,0.02262963
learnt about it hope it is going to be <url>,neutral,positive,0.600347101688385,0.07481072,0.32484218,0.6003471
i think it is cool because you can use it for anything and could make stories etc.,positive,positive,0.7180795669555664,0.013062033,0.2688584,0.71807957
"so powerful, yet so limited.",neutral,neutral,0.722421407699585,0.09305136,0.7224214,0.1845272
i really like this app. have a lot of fun with it when i send text messages. haven't had any problems with it.,neutral,positive,0.8620089888572693,0.01934429,0.11864669,0.862009
new icon is really lame. looks like google <url> hahaha. binit,negative,negative,0.934349000453949,0.934349,0.057645205,0.00800574
easy and convenient to use,positive,positive,0.9133247137069702,0.010407205,0.07626806,0.9133247
holy data <url> people please!,negative,positive,0.4084431231021881,0.22413534,0.36742154,0.40844312
screw you slack for arbitrarily forcing everyone on mobile to download this utterly superfluous client while your services run well in browser.,negative,negative,0.9577831029891968,0.9577831,0.03527144,0.0069455057
sometime. . force close hard launch,neutral,neutral,0.6611342430114746,0.22295816,0.66113424,0.11590762
"slow, and hang when zoom",negative,neutral,0.6953519582748413,0.2462591,0.69535196,0.05838892
"the app is really good. i find it really fun but i suggest that you guys add piercings, birthmarks, beauty marks and things like that, maybe even allow more then two bitmoji characters. other than that, the app is really good",positive,positive,0.8381497263908386,0.010426148,0.15142418,0.8381497
"would pay extra to get the ads to go away. otherwise, very good.",neutral,positive,0.6690961122512817,0.017061029,0.31384283,0.6690961
beware making fool and cheating beware,negative,negative,0.9516602158546448,0.9516602,0.03877144,0.009568328
what happened to the paid version?,negative,negative,0.889957070350647,0.8899571,0.09351435,0.016528554
good <number> st version - htc one m <number>,positive,neutral,0.5357914566993713,0.017815884,0.53579146,0.44639271
great app use it to store music in,positive,positive,0.902119517326355,0.021295993,0.07658447,0.9021195
"could use a bit of <url> other than that, great concept and idea!",neutral,positive,0.76186203956604,0.019339858,0.21879807,0.76186204
more customizable than the other guy but not as complete as i'd like,positive,neutral,0.7544716000556946,0.04196076,0.7544716,0.20356764
"i always like this app since i used my old curve. but the ads kill me, hahahaha.",positive,negative,0.5397151708602905,0.5397152,0.36555627,0.09472862
"what a crappy app. rim can do much betta than this. wanted to give it a zero star but that option ain't available, i wonder why.",negative,negative,0.9476650953292847,0.9476651,0.045564864,0.0067701153
it's a good app . it saved my mobile from getting virus into my mobile,positive,positive,0.7683861255645752,0.01157652,0.22003739,0.7683861
it's really nice !!!,neutral,positive,0.7834280133247375,0.012323636,0.20424834,0.783428
"the prices are super high. like,the great <url> a billionaire could pay, but they would be poor afterwards. don't use!",negative,negative,0.7325657606124878,0.73256576,0.23850107,0.028933194
"great local forecast, maybe because i live near their headquarters. it works great when i travels as well.",positive,positive,0.9110810160636902,0.01286679,0.07605219,0.911081
not very compatible with pomodoro technique,neutral,neutral,0.685579240322113,0.16852501,0.68557924,0.1458957
very useful and reliable app. documents are available offline which i find very convenient,positive,positive,0.9261606335639954,0.010283118,0.06355628,0.92616063
too many ads! hate it,negative,negative,0.9580546617507935,0.95805466,0.035024405,0.0069209673
good but i don't like this app becouse of that annoying ads please remove this <url>,negative,neutral,0.7093946933746338,0.033262994,0.7093947,0.25734228
improve android app please,neutral,positive,0.5425078272819519,0.03155368,0.4259385,0.5425078
not happy over my profile picture,neutral,negative,0.9130368232727051,0.9130368,0.07723739,0.009725712
foxit reader is more convenient,positive,neutral,0.5763437151908875,0.04013121,0.5763437,0.38352504
"cute, simple and motivating!",positive,positive,0.90733402967453,0.013033936,0.07963205,0.907334
good but could be better,positive,neutral,0.6675336956977844,0.021269284,0.6675337,0.31119704
"one of the essential apps, but imperfectly realized in android",positive,neutral,0.7306416630744934,0.1303531,0.73064166,0.13900524
like it but too much ads,positive,neutral,0.5620152950286865,0.029541265,0.5620153,0.40844348
still very lame. can't open pdfs that are image scans. cmon adobe. really?,negative,negative,0.9354538917541504,0.9354539,0.057382956,0.007163196
"after unable to launch get fixed in the update last night, all my past <number> days history is gone <url> all my lemon <url> this how the developer improve performance? very <url>",negative,negative,0.6810481548309326,0.68104815,0.26855838,0.050393436
you better call it off. useless.,negative,negative,0.9634762406349182,0.96347624,0.027663838,0.00885997
as good as the web version,positive,positive,0.5398511290550232,0.013869337,0.44627953,0.5398511
just updated bbm and all of my chat history disappeared! need a way to restore it. pls fix it.,neutral,negative,0.9004798531532288,0.90047985,0.088147335,0.011372876
<salutation> can't even open password protected files. waste of time and memory,negative,negative,0.9645591378211975,0.96455914,0.029188631,0.00625212
i dont understand this ap,neutral,negative,0.8823146820068359,0.8823147,0.10306446,0.014620735
its a very good app,positive,positive,0.8533183932304382,0.010364843,0.13631673,0.8533184
good website for hotels. plenty of options and many with free cancellation.,positive,positive,0.8674983978271484,0.010154519,0.12234707,0.8674984
bad very very bad. in all website you have ads <url> is <url> <url> bad things <url> <url>,negative,negative,0.9613524675369263,0.96135247,0.03233709,0.0063104834
claims app <number> sd but <url> no option to move from phone to sd card. it's a <number> +mb app. htc di <number> . <number>,neutral,negative,0.7272030115127563,0.727203,0.25031742,0.022479575
"unnecessary app, please kill it.",negative,negative,0.9428339004516602,0.9428339,0.04813291,0.009033178
my favorite way to communicate,positive,positive,0.8812565803527832,0.021399977,0.09734343,0.8812566
quickly opens up the pdf <url> and very user friendly,positive,positive,0.8925184607505798,0.013484971,0.09399659,0.89251846
force closed after update,neutral,negative,0.896277666091919,0.89627767,0.08383991,0.0198824
this app is nice for safe <url>,neutral,positive,0.6277933716773987,0.017482946,0.35472366,0.6277934
brings so much important info to my phone in an easy to use format.,positive,positive,0.8965644836425781,0.016378524,0.08705697,0.8965645
very nice and helpful app,positive,positive,0.9232917428016663,0.012501795,0.06420648,0.92329174
don't send fake news,neutral,negative,0.8170034885406494,0.8170035,0.15834309,0.024653401
it asks for login every time i start it and that is very annoying. on my ipad it does not behave that way.,neutral,negative,0.6115832328796387,0.61158323,0.35409412,0.034322597
update <url> bisa copy comment di picture group <url> info bagaimana cara copy coment nya?,negative,negative,0.44944342970848083,0.44944343,0.4130163,0.13754033
"good so far on phone, afraid to install on laptop, had a older version that wouldn't go away and had constant ads and pop-ups",positive,neutral,0.7204241156578064,0.04227463,0.7204241,0.2373013
this app is far too big.,negative,neutral,0.5757520198822021,0.30099845,0.575752,0.12324953
this is a good app,positive,positive,0.6854983568191528,0.01292193,0.3015797,0.68549836
"i'm heard about security concerns related to this browser, can u explain it?",neutral,neutral,0.6020469665527344,0.19523196,0.60204697,0.2027211
worst app in world,negative,negative,0.9629474878311157,0.9629475,0.029681757,0.0073708664
i wish i could make funnies with my friends in them. not just in snapchat. otherwise a very fun app.,positive,positive,0.8300830125808716,0.012333859,0.1575831,0.830083
its alright but got a long way to go to better repligo. need to be able to skip to chapters and double tap zoom should fit paragraph to screen width,neutral,neutral,0.6895449161529541,0.020138618,0.6895449,0.29031646
just missing an iphone feature.,positive,neutral,0.7552757263183594,0.059692077,0.7552757,0.18503222
not as good as on the blackberry phones doesn't show a red star to let you know you have an unread message unless you open the app,neutral,neutral,0.6603851914405823,0.2874546,0.6603852,0.05216029
excellent with some improvements,positive,positive,0.9003381133079529,0.009468666,0.090193234,0.9003381
add fonts and stuff,positive,positive,0.8041980862617493,0.015687866,0.18011409,0.8041981
please add some more features,positive,positive,0.6611511707305908,0.019422159,0.31942663,0.6611512
wish you could choose a friends to be part of the emoji,neutral,neutral,0.5631551146507263,0.025319748,0.5631551,0.4115251
this app is useless. if i hit the home button the app plays in the background of my phone without the tree dying. that literally defeats the entire purpose of the app,negative,negative,0.965950608253479,0.9659506,0.02732648,0.0067229765
now i accepted it,positive,positive,0.37830936908721924,0.2732652,0.34842536,0.37830937
support for password protected documents.,neutral,positive,0.7839857339859009,0.019854344,0.19615993,0.78398573
discord came out and improved on slack in every way. there is no reason to use this trash anymore.,negative,negative,0.9461390376091003,0.94613904,0.045795698,0.008065327
not anymore waste of time,negative,negative,0.9500055313110352,0.95000553,0.041596662,0.008397821
not able to sign in,negative,negative,0.9109894633293152,0.91098946,0.07725079,0.011759727
edit: i found the lemons and how to kill trees,positive,positive,0.4483746886253357,0.11104704,0.44057822,0.4483747
always eror <url> this app,negative,positive,0.41788581013679504,0.18952273,0.39259142,0.4178858
has too much space for ads. premium for login. there are more user friendly ways to monetize your app. the concept is ok but poorly executed,negative,negative,0.8417148590087891,0.84171486,0.14517821,0.013106794
"since using a new update, my htc one x, always not <url>",negative,negative,0.6976643204689026,0.6976643,0.25923997,0.043095727
wpupd give more stars if we could use this app on fb messenger,neutral,neutral,0.5879796743392944,0.2213007,0.5879797,0.19071962
"not more reliable as the desktop app, but it is enough to get by",neutral,neutral,0.7190989255905151,0.02619184,0.7190989,0.25470927
does not open all pdf files that you can open with adobe on the pc. uninstalled.,negative,negative,0.9585427045822144,0.9585427,0.034874592,0.006582695
"really bad. zoom removes text, outer viewmode locks scrolling etc etc",negative,negative,0.955878734588623,0.95587873,0.037698984,0.006422278
i think the app is ment for book worms and book worms like me love it,neutral,positive,0.7706365585327148,0.056061894,0.17330152,0.77063656
chat app or ads app,negative,negative,0.7617995738983154,0.7617996,0.21099368,0.027206784
"good accuracy, clean look and good features.",positive,positive,0.8969651460647583,0.009965746,0.09306918,0.89696515
tree doesn't whether if i leave the app n play game this app sucks,negative,negative,0.9394492506980896,0.93944925,0.05256338,0.007987408
even worse than photoshop,negative,negative,0.9239727258682251,0.9239727,0.06477154,0.01125576
begging for bookmark and copy paste option <url>,neutral,negative,0.8722936511039734,0.87229365,0.11195023,0.015756102
forgets where i was when killed by the system,neutral,negative,0.46592774987220764,0.46592775,0.4598158,0.07425649
very good. am no lonnger using infinix <number> am using mi note and it is very difficut for me to update my mi note phone.,neutral,positive,0.7139498591423035,0.025453016,0.26059714,0.71394986
not easy to use,neutral,negative,0.4798566401004791,0.47985664,0.4740473,0.046096094
good app but huge filespace,neutral,positive,0.5013838410377502,0.015048075,0.48356804,0.50138384
no substitute for this great secure app for mobile communication in real time,positive,positive,0.6266900897026062,0.063202694,0.31010717,0.6266901
not for bald people,negative,neutral,0.612108588218689,0.22216018,0.6121086,0.16573124
really useful app. totally enjoyed using it. i had downloaded this without many expectations but the simplicity and perfection that this app delivered totally blew me away. hats off to the developers !! keep up the great work !!,positive,positive,0.8956242203712463,0.0127479,0.091627926,0.8956242
"it's a good app overall, but the hourly forecast is totally unreliable. if the amatuers at weather underground can get it right <number> % of the time, why is weatherbug wrong <number> % of the time? c'mon folks, it's obviously do-able, so please try putting in the effort to get it right in the future (or at least check out the weather underground site and copy their work).",neutral,neutral,0.6012685894966125,0.016052963,0.6012686,0.3826785
so so. like other apps in the play store. nothing special.,neutral,neutral,0.7621371150016785,0.084957235,0.7621371,0.15290563
the standard tool for exchanging documents online,positive,positive,0.8918798565864563,0.015429846,0.09269025,0.89187986
please fix some bug n i will give u <number> star,neutral,neutral,0.5845088362693787,0.09918021,0.58450884,0.31631097
great app over all,positive,positive,0.8393086791038513,0.047926527,0.11276486,0.8393087
the app is interactive and has all the required functions.,positive,positive,0.7878583073616028,0.016998643,0.19514307,0.7878583
it's ok but the follow me is crap,neutral,neutral,0.7628792524337769,0.032678574,0.76287925,0.20444214
update every <number> minutes,neutral,neutral,0.4986474812030792,0.4488592,0.49864748,0.052493308
"i have installed and uninstalled repeated this several times, all it wants to do is update continuously. i can't use it at all.",negative,negative,0.9469471573829651,0.94694716,0.046400223,0.0066525987
used battery most show identity,negative,neutral,0.5234453678131104,0.36992675,0.52344537,0.10662788
should have more filtering options. should stop nagging for a review when you've already posted one.,neutral,neutral,0.7982040643692017,0.047799386,0.79820406,0.15399653
"after reservation want to add rooms but app just crash, keep loading",negative,negative,0.7489933371543884,0.74899334,0.22439893,0.02660772
lost in the translation,negative,negative,0.4758719503879547,0.47587195,0.4297614,0.094366655
new version is much slower than the last. loading messages and channels feels sluggish and tedious.,negative,neutral,0.7898982167243958,0.14892046,0.7898982,0.061181363
where did the precipitation amounts go?,negative,neutral,0.5813807249069214,0.27580416,0.5813807,0.14281513
"it's nice, but it would be great there'd be some piercings",positive,positive,0.6768696308135986,0.012411326,0.31071898,0.67686963
it's a good app,positive,positive,0.6730695366859436,0.01122691,0.31570363,0.67306954
good but could be better,positive,neutral,0.6675336360931396,0.021269284,0.66753364,0.31119707
last update hosed app,negative,negative,0.9025300741195679,0.9025301,0.08339264,0.014077322
"it keeps crashing. i like yet very annoying to keep <url> , weather stopped working.",neutral,negative,0.5608126521110535,0.56081265,0.3987177,0.04046959
the app would be better if you let us use calculator and <url> bcoz sometimes while studying you have to google something <url> just a suggestion.,neutral,neutral,0.49963369965553284,0.03969828,0.4996337,0.4606681
"i love the amount of data and the warnings. however in the last <number> months the application has failed to work often at least once a day. if this issue could be solved, i would give the app <number> stars.",neutral,positive,0.8562301993370056,0.014718858,0.12905096,0.8562302
you just need to add box braids as a hairstyle,positive,positive,0.7930043935775757,0.019996686,0.1869989,0.7930044
its nice to receive anything,positive,positive,0.7148930430412292,0.012933502,0.2721734,0.71489304
this app is awful,negative,negative,0.9201891422271729,0.92018914,0.06915593,0.010654878
"bummer! now i am a former usser!!!! no-ads weatherbug, where are you? hello?",negative,negative,0.6452241539955139,0.64522415,0.30609342,0.048682407
good for an <url>,neutral,neutral,0.6181455850601196,0.024115037,0.6181456,0.3577393
this is very bad,neutral,negative,0.9521139860153198,0.952114,0.041398063,0.006487984
doesnt work on the gs <number>,negative,negative,0.937237560749054,0.93723756,0.054971952,0.007790584
too much ads not good for kids,neutral,neutral,0.6012178659439087,0.3181971,0.60121787,0.08058501
not working properly in android above <number> . <number>,positive,negative,0.9118722081184387,0.9118722,0.07867996,0.009447868
slow sometimes especially during video and audio calls. the app just hangs and stops working.,positive,neutral,0.7358546853065491,0.20367576,0.7358547,0.06046958
if i could alter the apps appearance to allow for inverted colour schemes i would give it <number> stars other than that this is a brilliant app.,positive,positive,0.888469934463501,0.013147975,0.09838203,0.88846993
one of the <signature>,neutral,positive,0.8949787616729736,0.014580547,0.09044075,0.89497876
"it's not working for me, i'm using samsung tab <number> mini, it's asking for confirmation of date of birth",negative,negative,0.9083252549171448,0.90832525,0.082754046,0.008920747
"i can use other app meanwhile timer is running , so no use waste app",negative,neutral,0.6477875709533691,0.20145853,0.6477876,0.1507539
app is up to date and easy to read.,positive,positive,0.8718162178993225,0.011544969,0.11663879,0.8718162
"do not waste your time. if u think u can save the earth but no, you have to buy premium first to plant trees. absolute a waste timer",negative,negative,0.9550765156745911,0.9550765,0.03783345,0.0070900293
sluggish compared to other pdf readers but renders well.,neutral,neutral,0.7139695286750793,0.024575166,0.7139695,0.2614553
"i don't need this, but i'm sure someone will need it.",positive,neutral,0.5634707808494568,0.029741079,0.5634708,0.40678814
"really fast, good and probably the <signature>",positive,positive,0.8361246585845947,0.014007814,0.14986749,0.83612466
"my team, tired of waiting for a department driven initiative for collaboration tools, decided to start using this for ourselves. it's been a great experience so far - quicker responses, easy file sharing, organising social outings and reaching out to the whole team at once etc. the <signature>",positive,positive,0.9068406820297241,0.016912205,0.07624719,0.9068407
bad uploaded pic display,negative,negative,0.9344412684440613,0.93444127,0.057956338,0.00760241
i like this app is very useful,neutral,positive,0.865032434463501,0.012684246,0.122283265,0.86503243
"i was not able to open the app even after reinstalling it twice so instead i installed ""flip flop"" app which is also a similar app",negative,negative,0.6185228228569031,0.6185228,0.32707775,0.05439944
what's with all the new permissions?,negative,negative,0.8423839807510376,0.842384,0.13839106,0.019224925
the new automatic markdown feature sucks!!! and you cannot turn it off,negative,negative,0.9581724405288696,0.95817244,0.035209395,0.006618253
now it use very long time for export photo.,negative,positive,0.7058606147766113,0.06408096,0.23005837,0.7058606
can't import pictures,negative,negative,0.8360252380371094,0.83602524,0.15030737,0.013667371
i love it but for some reason it doesn't work well on my samsung. if it worked better with my phone a higher rating,neutral,positive,0.7242736220359802,0.02533025,0.25039616,0.7242736
did more things to say and more holiday,neutral,positive,0.46166956424713135,0.16888943,0.36944103,0.46166956
can not open edited images on my galaxy note <number>,negative,negative,0.492702841758728,0.49270284,0.46495524,0.04234186
the confirmation details is not shown on <number> rd party screen. not useful if i have to inform <number> rd party of the confirmation details.,neutral,neutral,0.7517396807670593,0.17183284,0.7517397,0.076427534
never sends the correct emoji.,negative,negative,0.6672812104225159,0.6672812,0.30541676,0.027302094
please add save image setting,positive,neutral,0.5811415314674377,0.041006148,0.58114153,0.37785232
i cant run the app after new update!!!,neutral,negative,0.9640319347381592,0.96403193,0.029534984,0.0064330543
ads thats the only thing spoiling this <url> bcz ads are source of income <url> lose this app the source ur getting ads,negative,negative,0.9317710399627686,0.93177104,0.059541892,0.008686975
i have had this app for a while and it works really well,negative,positive,0.8773249387741089,0.012088358,0.110586695,0.87732494
mostly good except- sucks too much background data and not freindly to my battery . should shut itself down.,neutral,neutral,0.8036545515060425,0.0330002,0.80365455,0.1633452
"fairly accurate, wish the radar would update a little quicker",positive,positive,0.8104623556137085,0.010540302,0.17899732,0.81046236
what's up with it?,negative,negative,0.912380039691925,0.91238004,0.07889124,0.008728736
up browser is <signature>,positive,neutral,0.47081586718559265,0.115406044,0.47081587,0.4137781
nice app but i can't highlight my text i pressed that longer but it couldn't work please check this out,positive,neutral,0.5013439655303955,0.018022608,0.50134397,0.48063335
love it but the radar needs future time,positive,positive,0.515390157699585,0.033339426,0.4512704,0.51539016
itss ok but not good at <url>,neutral,neutral,0.7936791181564331,0.038857836,0.7936791,0.16746302
animation does not work. really disappointed. use everyday for work. moving on to the weather channel app. never fails.,negative,negative,0.9392204284667969,0.9392204,0.05297178,0.007807774
"maybe if the app followed material design guidelines, i would have rated it <number> stars. the controls are based on ios, so it's not easy to find your way, but overall it's a good photo app.",positive,positive,0.5886983871459961,0.014539032,0.3967626,0.5886984
new layout v <number>,positive,neutral,0.5084215402603149,0.12262352,0.50842154,0.3689549
it does not install,positive,negative,0.9564009308815002,0.95640093,0.036550112,0.0070488574
"its amazing app, but unfortunately after the new updation the app forced to close when importing a new photo. so please fix that bug immediately",positive,neutral,0.5817533731460571,0.046843465,0.5817534,0.37140313
try hotel tonight - $ <number> free,neutral,negative,0.6381090879440308,0.6381091,0.29761147,0.06427949
"it's like <number> stars for the app, <number> star for new booking assistant. god damn it, how the hell can i just answer the message i got from a property???!!! why do i need to see <number> questions of an assistant instead, that i can not delete and that just mess up all the dialog! hate it. really hate this feature! do like everything else though.",positive,negative,0.8015821576118469,0.80158216,0.17394625,0.024471624
been a good weather app for me! thumbs up!,positive,neutral,0.4759325385093689,0.055784117,0.47593254,0.46828327
i guess it's <url>,positive,neutral,0.5105472207069397,0.052875884,0.5105472,0.43657693
loved it before update,neutral,negative,0.6388217806816101,0.6388218,0.31352985,0.047648396
it is good news app but some improvement required in spelling and language.,positive,positive,0.7942311763763428,0.010755645,0.1950132,0.7942312
"as a frequent user , you should have few options as reward the client should choose between",positive,positive,0.5903896689414978,0.04180439,0.36780602,0.59038967
no bookmark or jump to <url> really annoying,negative,negative,0.5286592245101929,0.5286592,0.43317065,0.0381701
app is <url> service sucks,neutral,negative,0.7859036326408386,0.78590363,0.1815741,0.032522198
i can't use web mobile in <url>,negative,negative,0.8563807010650635,0.8563807,0.13036653,0.0132527435
the new button is super poopy.,negative,positive,0.5074628591537476,0.049455263,0.4430819,0.50746286
"i love it, but desperately needs to save last <url> and place within that <url> a bookmarking function!",neutral,positive,0.7507995367050171,0.038776774,0.21042375,0.75079954
"simple to use,in a straight forward easy to understand format. <signature>",positive,positive,0.872653603553772,0.012577781,0.11476864,0.8726536
i saw no last minute rates as promised on the description.,negative,neutral,0.6511831283569336,0.26300713,0.6511831,0.08580973
if you browse like i do this is a must have. i rated it <number> stars before but now it is becoming a mess. you are killing its reputation with ads. i must wait for few seconds advert to finish before browsing.,neutral,negative,0.8127761483192444,0.81277615,0.16373096,0.023492895
the drawer is old,negative,neutral,0.5260705351829529,0.35624096,0.52607054,0.11768846
what a great messanger. you make us who separated a kilometers away can gather in one place. keep <url>,positive,negative,0.7565664052963257,0.7565664,0.20445788,0.038975723
add text option please,neutral,positive,0.5555659532546997,0.022828829,0.42160526,0.55556595
new logo looks like swastika maybe next time dev team will worked on app ram usage?,negative,neutral,0.6187003254890442,0.1266133,0.6187003,0.25468642
don't use. can't uninstall on tablet,neutral,negative,0.9231542944908142,0.9231543,0.06946731,0.0073784124
fast but doesn't allow you to jump to pages no good for big ebooks,neutral,neutral,0.7795872092247009,0.1335422,0.7795872,0.08687053
how can i make a video call??,positive,neutral,0.4641459882259369,0.08740434,0.464146,0.44844964
easy to use and useful,positive,positive,0.9116452932357788,0.010564363,0.077790365,0.9116453
"i saw this app on engadget and was excited to try it. however, the hdr mode does not work on my phone. i have a samsung galaxy s <number> edge. it is listed as one of the phones that works but the option for hdr is not available on the drop-down menu.",neutral,neutral,0.682414710521698,0.25518426,0.6824147,0.06240104
i was able to update and view my bookings very easily. very convenient.,positive,positive,0.9123263359069824,0.010848612,0.0768251,0.91232634
"it lost all my progress! i had the cat tree, octopus, etc",negative,negative,0.8381741046905518,0.8381741,0.14168108,0.020144768
best crashes ever!!!! worthless,negative,negative,0.9184010624885559,0.91840106,0.06649158,0.015107391
radar map never loads first try.,neutral,negative,0.9077444672584534,0.90774447,0.079212524,0.013043078
"simple to the massage, i like bbm,cause i can see when the massage have delivered n read .",positive,positive,0.8554739356040955,0.012162922,0.13236311,0.85547394
its <url> make something <url>,neutral,neutral,0.5237511992454529,0.14891148,0.5237512,0.32733724
this is my favorite weather app to use. i've used it since i was a teenager. the only problem i have is that the hourly forecast is almost never right which is very inconvenient for me considering i work outside. on the bright side you can look at the radar and pretty much tell what what is gonna hit you.,neutral,positive,0.8565499186515808,0.014648454,0.12880158,0.8565499
cant connect to facebook,neutral,negative,0.9408093690872192,0.94080937,0.05288289,0.0063077533
"i like it and think it's super cute and fun, but i wish it had more such as maybe tattoos or piercings and i wish you could create outfits instead of picking an outfit",positive,positive,0.8671858906745911,0.01152791,0.121286236,0.8671859
good for quick edits on the move,positive,positive,0.7012154459953308,0.012303786,0.28648075,0.70121545
why the almost daily updates?,neutral,neutral,0.7104690074920654,0.1050064,0.710469,0.1845246
terrible. i don't need creative cloud!,negative,negative,0.9632994532585144,0.96329945,0.028372936,0.008327722
sign up form doesn't work and this app doesnt work without an adobe account so it was just a waste of time.,negative,negative,0.9640916585922241,0.96409166,0.029022614,0.0068857553
love it but a problem?,positive,positive,0.6793173551559448,0.024609871,0.2960728,0.67931736
does what supposed to an as far as forcast go seems good,positive,positive,0.4939015209674835,0.017934283,0.4881642,0.49390152
i can't import alot of my photos!,neutral,negative,0.844524621963501,0.8445246,0.14113769,0.014337632
horrible pdf reader. there are much better alternatives.,negative,negative,0.9608761072158813,0.9608761,0.03174923,0.0073747123
"it's great that it can read my truck's <number> , <number> page service manual right here on my phone; but i can't find anything if there is no search feature!!",neutral,positive,0.8084651827812195,0.016194114,0.1753407,0.8084652
it does logout of account after closing,positive,negative,0.695997416973114,0.6959974,0.26159462,0.042408
"love it. would be great if you could include options to dodge and burn images, too.",positive,positive,0.8864807486534119,0.021903459,0.09161576,0.88648075
i don't like that i can't attach to a text in gboard. i have to go through bitmoji to send in a text. it is easier to send in iphone and i can't do friendmojis,positive,neutral,0.7464200258255005,0.1747965,0.74642,0.078783415
"does not work on the captivate at <url> very disapointed, it just says it has failed to read found files.",negative,negative,0.943636417388916,0.9436364,0.049542602,0.006820949
it's an useful app,positive,positive,0.849062442779541,0.009608566,0.141329,0.84906244
is the white house in charge of it?,negative,neutral,0.42094406485557556,0.3898756,0.42094406,0.18918031
weather automation doesn't work anymore so it's stupid,negative,negative,0.9341732859611511,0.9341733,0.058259223,0.0075675105
some times its just boarding,neutral,neutral,0.7199969291687012,0.06256639,0.7199969,0.21743669
i deplore pdfs of all kinds. <url> the only thing that can read a pdf. but this app does <url> it still sux,negative,negative,0.5498635768890381,0.5498636,0.39087,0.05926638
installs another app without warning,negative,negative,0.9020493626594543,0.90204936,0.08468966,0.013260897
it's your app so you get to choose your logo. but this new one confusing my son that slack is a game and he is complaining i keep playing this game all the time but have no shame in denying his rights to play games eternally. ps: unable to view old items unless we pay is gross.,neutral,negative,0.7197874188423157,0.7197874,0.24872693,0.031485688
"other parties doin better ""reader n even writer"" than adobe!",negative,neutral,0.5362160801887512,0.08245428,0.5362161,0.3813296
takes too much time to load sometimes,positive,neutral,0.7944759726524353,0.09030941,0.794476,0.11521463
it is an interesting app that uses a lot of memory. but great communication tool,neutral,positive,0.8573554158210754,0.011565796,0.13107882,0.8573554
it's amazing and faster then other <url>,neutral,positive,0.857901930809021,0.016234698,0.1258634,0.85790193
best weather app out there until it stopped working. won't load anything now. please <url>,negative,neutral,0.6372753977775574,0.08536353,0.6372754,0.2773611
will be much better if it has read out <url>,positive,neutral,0.58251953125,0.03670056,0.58251953,0.3807799
good overall but seems to have an issue of being unavailable or offline when other weather apps are working just fine providing the same info. <url> radar,positive,positive,0.5283907651901245,0.015139544,0.45646966,0.52839077
does the camera support long exposure?,positive,neutral,0.6061229109764099,0.03648194,0.6061229,0.35739508
i enjoy using it. i just have to play with it more to get more experience,positive,positive,0.9069015383720398,0.012866076,0.08023234,0.90690154
it helps me a lot,positive,positive,0.8933835625648499,0.012155218,0.09446124,0.89338356
not bad at all. great improvement.,positive,positive,0.7967743277549744,0.015639989,0.18758574,0.7967743
plenty of unnessary ads,negative,neutral,0.48291876912117004,0.44392133,0.48291877,0.07315985
the news feed so annoying please avoid this type of <url> or add a button for stop news <url>,negative,neutral,0.6367707848548889,0.23882876,0.6367708,0.12440051
can be a bit complicated and in your face but it does a good job and is well supported by venues.,positive,positive,0.8474962711334229,0.010771679,0.14173204,0.8474963
i liked it. no reply on mobile though.,positive,neutral,0.67586350440979,0.16795489,0.6758635,0.15618162
"works perfectly with snapchat, i hope soon it has more goth/alternative outfits and options for piercings and ear spacers. love the new hair options!",positive,positive,0.9207145571708679,0.012537596,0.06674783,0.92071456
"it used to be a <number> star app but not every time i try to open it it crashes, please fix this asap",negative,negative,0.7718677520751953,0.77186775,0.20624404,0.021888271
where's the support?,negative,neutral,0.5299871563911438,0.28963912,0.52998716,0.18037371
i think nice but mobile hang krta h,neutral,positive,0.518509566783905,0.01740228,0.46408814,0.51850957
please add fonts in this app to write . <signature>,neutral,positive,0.7078152894973755,0.032405403,0.25977927,0.7078153
"worked once, then has never worked again.",negative,negative,0.8142266273498535,0.8142266,0.16393521,0.02183818
fix the radar! what is taking so long? i'm very close to deleting this app for good. i doubt i'm alone!,negative,negative,0.8172699213027954,0.8172699,0.16218409,0.02054597
it is good aap for searching and downloading <url>,positive,positive,0.6773772835731506,0.014928063,0.3076946,0.6773773
while controlling shutter speed whole app is getting freezed.,neutral,negative,0.5375986099243164,0.5375986,0.42551824,0.036883164
"no full language support. what a shame, adobe.",negative,negative,0.951572597026825,0.9515726,0.042160273,0.0062670815
it's nice <url>,neutral,positive,0.5333248376846313,0.016474131,0.45020103,0.53332484
"this app is not at all what i had expected. it is very hard to use. at the beggining, you get small info about one fature of the app. once you start to use it, the purpose just gets confusing, how does the tree grow? is the time a stopclock, a timer, im so confused! please improve this app to be more user friendly!",negative,neutral,0.5237921476364136,0.43414912,0.52379215,0.042058684
lost status bar info,neutral,negative,0.7843875288963318,0.7843875,0.18709308,0.028519372
it was fine before i was forced to update.,neutral,neutral,0.7593334317207336,0.07295541,0.75933343,0.16771115
